maintenance_id,machine_id,data_manutencao,tipo_manutencao,componente,duracao_horas,custo_estimado_brl,descricao_servico
MT00001,M005,2025-04-26 02:10:28,Preventiva,Bomba,6.96,5551.07,Substituição de componente
MT00002,M011,2024-08-31 05:40:39,Corretiva,Sistema elétrico,11.1,5226.44,Lubrificação
MT00003,M012,2024-06-03 14:22:18,Preventiva,Sensor,7.55,1250.36,Lubrificação
MT00004,M008,2025-04-23 02:59:37,Corretiva,Correia,5.58,7218.98,Limpeza técnica
MT00005,M003,2024-08-01 13:43:07,Preventiva,Rolamento,5.82,3708.34,Limpeza técnica
MT00006,M002,2024-09-27 17:06:23,Preventiva,Rolamento,2.92,2391.11,Limpeza técnica
MT00007,M008,2024-03-04 23:02:08,Preventiva,Bomba,11.23,6757.74,Calibração
MT00008,M016,2024-04-25 16:02:10,Preventiva,Sensor,4.7,1486.65,Lubrificação
MT00009,M013,2024-06-23 01:51:32,Preventiva,Ventilação,4.62,6480.14,Calibração
MT00010,M010,2025-11-14 18:41:28,Preventiva,Rolamento,7.66,3302.97,Reparo elétrico
MT00011,M012,2024-09-06 07:38:27,Corretiva,Motor,8.77,5157.98,Lubrificação
MT00012,M012,2025-11-18 18:34:44,Corretiva,Sistema elétrico,10.43,2032.6,Reparo elétrico
MT00013,M008,2024-04-21 15:40:44,Preventiva,Bomba,3.29,3405.87,Lubrificação
MT00014,M001,2024-08-10 15:50:14,Preventiva,Motor,5.73,7221.96,Inspeção e ajuste
MT00015,M013,2024-10-08 15:43:37,Preventiva,Ventilação,10.51,4294.24,Inspeção e ajuste
MT00016,M017,2025-08-10 17:41:47,Corretiva,Motor,4.65,7846.53,Limpeza técnica
MT00017,M019,2025-10-05 08:57:54,Corretiva,Rolamento,3.98,6275.05,Inspeção e ajuste
MT00018,M010,2025-06-14 12:22:08,Preventiva,Sensor,11.33,1845.48,Lubrificação
MT00019,M003,2025-07-19 23:29:58,Preventiva,Rolamento,3.36,5655.05,Limpeza técnica
MT00020,M018,2025-05-09 06:40:32,Preventiva,Sistema elétrico,9.87,4633.59,Limpeza técnica
MT00021,M002,2024-12-11 04:58:26,Corretiva,Rolamento,8.28,5878.33,Lubrificação
MT00022,M008,2024-07-01 02:11:13,Corretiva,Rolamento,1.72,2636.86,Lubrificação
MT00023,M011,2024-03-23 09:54:12,Corretiva,Sistema elétrico,1.84,2043.48,Limpeza técnica
MT00024,M005,2025-05-14 00:57:52,Corretiva,Sensor,7.94,8114.57,Reparo elétrico
MT00025,M014,2025-11-29 08:36:42,Preventiva,Correia,11.34,228.69,Calibração
MT00026,M002,2024-03-22 10:53:07,Corretiva,Correia,3.95,5104.18,Lubrificação
MT00027,M005,2025-03-28 10:12:53,Preventiva,Motor,11.85,6859.74,Reparo elétrico
MT00028,M003,2025-10-12 02:19:34,Preventiva,Sistema elétrico,7.38,7836.59,Substituição de componente
MT00029,M010,2025-06-05 11:52:49,Preventiva,Sistema elétrico,1.3,363.36,Inspeção e ajuste
MT00030,M018,2024-08-29 21:47:42,Corretiva,Sistema elétrico,10.8,7054.83,Inspeção e ajuste
MT00031,M005,2025-05-31 11:14:44,Preventiva,Motor,5.77,7695.61,Limpeza técnica
MT00032,M004,2025-02-06 11:32:13,Corretiva,Sensor,1.43,7641.54,Limpeza técnica
MT00033,M001,2024-02-26 17:35:03,Preventiva,Sistema elétrico,11.41,1185.33,Reparo elétrico
MT00034,M009,2024-12-09 03:20:21,Preventiva,Rolamento,9.53,7718.99,Calibração
MT00035,M015,2025-11-06 21:50:09,Corretiva,Sistema elétrico,3.35,4056.28,Reparo elétrico
MT00036,M016,2025-06-12 16:22:47,Preventiva,Sistema elétrico,10.16,8468.53,Calibração
MT00037,M006,2024-02-01 10:03:25,Corretiva,Bomba,8.07,914.67,Substituição de componente
MT00038,M007,2024-06-03 03:01:31,Preventiva,Sensor,7.5,1868.63,Lubrificação
MT00039,M018,2024-08-31 13:01:32,Preventiva,Sensor,8.08,3196.96,Substituição de componente
MT00040,M003,2024-08-03 13:46:08,Preventiva,Rolamento,9.33,8244.14,Reparo elétrico
MT00041,M001,2025-06-19 09:37:58,Corretiva,Bomba,4.36,5926.68,Substituição de componente
MT00042,M008,2024-10-24 16:46:49,Preventiva,Sistema elétrico,3.46,945.66,Limpeza técnica
MT00043,M001,2025-02-11 03:44:34,Preventiva,Bomba,3.0,1648.06,Substituição de componente
MT00044,M009,2024-04-20 22:05:56,Preventiva,Ventilação,10.18,6797.1,Limpeza técnica
MT00045,M017,2024-09-25 04:43:21,Preventiva,Rolamento,1.37,5766.0,Reparo elétrico
MT00046,M019,2025-07-19 10:33:56,Preventiva,Sensor,10.34,1127.07,Inspeção e ajuste
MT00047,M006,2025-12-23 20:10:32,Corretiva,Bomba,10.13,602.79,Inspeção e ajuste
MT00048,M007,2025-04-18 00:10:34,Corretiva,Rolamento,11.53,4176.78,Inspeção e ajuste
MT00049,M003,2024-07-22 05:24:15,Corretiva,Motor,3.72,7293.92,Calibração
MT00050,M012,2024-01-17 00:13:54,Corretiva,Bomba,4.54,3529.89,Inspeção e ajuste
MT00051,M018,2025-08-14 18:42:59,Preventiva,Correia,9.23,3447.73,Inspeção e ajuste
MT00052,M014,2025-03-29 01:00:04,Corretiva,Ventilação,5.24,1833.33,Limpeza técnica
MT00053,M016,2025-03-30 14:00:22,Preventiva,Correia,11.63,4000.81,Calibração
MT00054,M015,2025-01-15 23:19:00,Preventiva,Correia,2.13,2101.82,Reparo elétrico
MT00055,M014,2025-08-10 14:32:42,Preventiva,Sensor,2.37,2057.65,Inspeção e ajuste
MT00056,M006,2024-11-21 06:44:31,Corretiva,Ventilação,9.75,6657.16,Substituição de componente
MT00057,M005,2024-02-19 06:38:21,Preventiva,Correia,10.75,6202.85,Inspeção e ajuste
MT00058,M019,2025-08-23 02:19:36,Corretiva,Rolamento,4.07,1645.04,Substituição de componente
MT00059,M017,2024-06-27 13:52:42,Preventiva,Rolamento,7.66,747.62,Calibração
MT00060,M009,2025-06-30 12:02:50,Corretiva,Correia,2.58,772.68,Lubrificação
MT00061,M012,2025-03-20 23:36:10,Corretiva,Motor,10.73,5587.41,Reparo elétrico
MT00062,M018,2024-02-04 01:23:43,Corretiva,Ventilação,0.8,4882.56,Lubrificação
MT00063,M008,2024-01-30 09:46:50,Corretiva,Correia,10.22,891.45,Substituição de componente
MT00064,M003,2024-08-16 06:17:43,Preventiva,Sistema elétrico,10.72,620.85,Reparo elétrico
MT00065,M008,2024-01-23 10:28:48,Preventiva,Correia,7.87,7497.55,Calibração
MT00066,M010,2025-06-11 19:58:08,Corretiva,Rolamento,9.84,784.59,Reparo elétrico
MT00067,M010,2024-01-02 06:34:17,Corretiva,Motor,3.46,7373.38,Inspeção e ajuste
MT00068,M002,2025-08-29 03:19:32,Preventiva,Bomba,5.9,8215.32,Substituição de componente
MT00069,M014,2025-04-21 18:36:04,Corretiva,Sensor,10.56,1661.07,Substituição de componente
MT00070,M007,2025-04-21 16:05:52,Preventiva,Motor,0.91,4444.97,Calibração
MT00071,M008,2024-10-19 20:16:51,Corretiva,Sensor,10.96,4379.01,Inspeção e ajuste
MT00072,M003,2024-03-05 23:36:13,Preventiva,Correia,10.88,3693.58,Lubrificação
MT00073,M016,2024-08-06 03:54:11,Corretiva,Ventilação,9.71,3510.89,Calibração
MT00074,M014,2024-06-05 21:10:56,Corretiva,Rolamento,9.66,5729.13,Substituição de componente
MT00075,M001,2025-03-11 11:59:03,Preventiva,Ventilação,11.46,6985.12,Limpeza técnica
MT00076,M014,2024-09-25 22:44:37,Preventiva,Rolamento,1.01,707.3,Calibração
MT00077,M003,2025-04-26 03:36:44,Preventiva,Bomba,8.4,8012.96,Reparo elétrico
MT00078,M015,2024-11-08 00:55:51,Preventiva,Motor,10.04,7821.88,Reparo elétrico
MT00079,M008,2024-01-07 04:14:41,Preventiva,Sensor,4.61,3716.01,Calibração
MT00080,M006,2025-08-22 22:02:45,Preventiva,Sensor,11.91,3565.17,Lubrificação
MT00081,M019,2024-11-22 20:21:31,Preventiva,Sistema elétrico,3.23,3532.51,Calibração
MT00082,M016,2025-01-21 16:07:53,Preventiva,Ventilação,8.12,3808.12,Limpeza técnica
MT00083,M016,2024-07-21 11:20:00,Preventiva,Ventilação,11.83,4892.48,Lubrificação
MT00084,M007,2024-03-29 08:19:03,Corretiva,Motor,9.63,7078.63,Inspeção e ajuste
MT00085,M009,2025-12-01 07:03:39,Corretiva,Bomba,5.89,7457.43,Inspeção e ajuste
MT00086,M011,2025-05-26 19:40:25,Corretiva,Motor,7.25,2488.8,Limpeza técnica
MT00087,M014,2025-01-21 10:54:42,Preventiva,Sensor,4.88,1361.68,Lubrificação
MT00088,M013,2024-12-17 22:44:09,Preventiva,Sistema elétrico,7.94,3968.34,Calibração
MT00089,M006,2024-04-16 20:38:02,Preventiva,Sistema elétrico,3.97,7970.34,Lubrificação
MT00090,M004,2024-01-12 08:28:23,Preventiva,Sensor,7.01,5560.38,Reparo elétrico
MT00091,M012,2024-11-29 04:41:02,Preventiva,Correia,3.23,7646.31,Limpeza técnica
MT00092,M015,2025-06-13 20:22:19,Preventiva,Ventilação,1.24,3112.12,Inspeção e ajuste
MT00093,M006,2024-09-12 10:32:58,Corretiva,Rolamento,3.6,2932.5,Lubrificação
MT00094,M017,2024-10-11 10:39:20,Preventiva,Sistema elétrico,9.06,684.59,Lubrificação
MT00095,M015,2024-08-10 19:10:13,Corretiva,Rolamento,2.61,5009.28,Calibração
MT00096,M015,2025-01-27 03:48:11,Preventiva,Rolamento,8.23,206.56,Calibração
MT00097,M012,2024-02-22 06:20:04,Preventiva,Ventilação,0.9,3971.06,Inspeção e ajuste
MT00098,M018,2025-01-12 17:08:36,Preventiva,Bomba,11.55,4154.35,Reparo elétrico
MT00099,M010,2025-04-11 15:52:06,Preventiva,Correia,3.53,4094.43,Limpeza técnica
MT00100,M016,2024-02-13 17:32:43,Preventiva,Sistema elétrico,5.98,381.24,Limpeza técnica
MT00101,M002,2024-02-05 03:17:09,Corretiva,Bomba,2.91,3540.16,Limpeza técnica
MT00102,M020,2024-06-05 11:44:14,Preventiva,Sistema elétrico,3.99,6252.36,Calibração
MT00103,M006,2024-10-04 07:54:17,Preventiva,Correia,6.6,6908.06,Substituição de componente
MT00104,M017,2024-05-30 20:11:00,Preventiva,Ventilação,7.06,4806.92,Inspeção e ajuste
MT00105,M004,2025-09-30 14:42:33,Corretiva,Correia,11.32,693.08,Reparo elétrico
MT00106,M011,2024-07-02 09:55:02,Preventiva,Rolamento,0.74,2403.09,Calibração
MT00107,M007,2024-09-04 16:34:39,Corretiva,Correia,10.71,5761.19,Calibração
MT00108,M006,2025-08-04 05:39:57,Corretiva,Sistema elétrico,2.97,1437.01,Substituição de componente
MT00109,M006,2025-09-24 22:02:24,Preventiva,Ventilação,6.74,8167.21,Inspeção e ajuste
MT00110,M017,2024-10-09 19:11:01,Preventiva,Rolamento,2.77,2924.22,Substituição de componente
MT00111,M008,2024-02-15 15:27:07,Preventiva,Ventilação,5.01,4492.05,Limpeza técnica
MT00112,M002,2025-06-05 01:29:52,Corretiva,Ventilação,6.3,3953.66,Limpeza técnica
MT00113,M010,2024-12-06 10:38:39,Preventiva,Correia,2.8,8268.22,Calibração
MT00114,M015,2025-08-26 11:24:18,Preventiva,Correia,3.39,1083.45,Reparo elétrico
MT00115,M017,2024-04-19 20:11:51,Preventiva,Rolamento,10.16,7544.09,Inspeção e ajuste
MT00116,M003,2025-07-27 17:41:42,Preventiva,Sensor,10.12,7427.89,Substituição de componente
MT00117,M019,2024-12-17 20:53:25,Corretiva,Correia,0.8,1630.75,Lubrificação
MT00118,M006,2025-06-12 16:55:29,Preventiva,Rolamento,7.79,2648.76,Limpeza técnica
MT00119,M009,2025-11-06 23:19:58,Corretiva,Sensor,1.41,7559.72,Lubrificação
MT00120,M007,2024-01-18 14:25:07,Corretiva,Ventilação,2.21,7793.59,Limpeza técnica
MT00121,M012,2024-01-14 23:55:07,Corretiva,Rolamento,0.67,5096.9,Lubrificação
MT00122,M010,2024-08-16 00:56:30,Preventiva,Correia,0.8,8410.7,Limpeza técnica
MT00123,M015,2024-05-31 05:12:52,Preventiva,Bomba,8.19,4857.98,Inspeção e ajuste
MT00124,M017,2024-08-30 15:47:38,Preventiva,Bomba,7.24,3689.23,Inspeção e ajuste
MT00125,M016,2024-08-29 15:26:32,Preventiva,Bomba,6.62,2408.91,Reparo elétrico
MT00126,M003,2024-10-12 03:32:26,Corretiva,Sensor,4.55,7167.18,Substituição de componente
MT00127,M018,2025-04-13 08:56:30,Corretiva,Sensor,7.23,2553.41,Substituição de componente
MT00128,M015,2024-10-04 07:09:36,Corretiva,Sensor,8.95,8236.29,Substituição de componente
MT00129,M006,2024-03-29 16:55:56,Preventiva,Sistema elétrico,2.14,3070.28,Reparo elétrico
MT00130,M009,2025-01-03 03:51:21,Preventiva,Sistema elétrico,7.34,629.83,Substituição de componente
MT00131,M012,2024-10-19 08:52:56,Corretiva,Correia,1.3,6278.86,Substituição de componente
MT00132,M007,2024-08-19 14:22:28,Corretiva,Sensor,1.52,2385.29,Inspeção e ajuste
MT00133,M007,2024-01-02 06:03:16,Preventiva,Rolamento,1.54,2631.71,Substituição de componente
MT00134,M004,2025-10-22 00:29:52,Preventiva,Correia,11.17,8296.8,Calibração
MT00135,M007,2025-11-20 22:45:13,Corretiva,Ventilação,2.24,5878.72,Inspeção e ajuste
MT00136,M014,2025-11-13 10:25:44,Preventiva,Rolamento,6.32,7649.12,Inspeção e ajuste
MT00137,M009,2025-07-07 13:50:04,Preventiva,Motor,8.48,8071.14,Inspeção e ajuste
MT00138,M019,2025-10-16 05:15:29,Preventiva,Motor,9.51,7328.06,Substituição de componente
MT00139,M015,2025-10-22 21:05:20,Preventiva,Motor,10.44,4579.88,Substituição de componente
MT00140,M004,2025-06-06 08:40:51,Corretiva,Sensor,8.66,1973.52,Inspeção e ajuste
MT00141,M004,2024-01-06 00:10:48,Preventiva,Ventilação,5.78,7836.31,Calibração
MT00142,M017,2025-03-10 09:01:12,Preventiva,Correia,4.31,1199.9,Lubrificação
MT00143,M010,2025-07-17 05:26:50,Preventiva,Ventilação,7.98,3601.64,Calibração
MT00144,M012,2024-04-06 14:50:37,Corretiva,Rolamento,8.87,2218.82,Calibração
MT00145,M002,2025-05-30 15:44:01,Preventiva,Bomba,5.29,8028.13,Inspeção e ajuste
MT00146,M005,2025-08-02 07:44:47,Preventiva,Correia,8.81,3820.8,Inspeção e ajuste
MT00147,M013,2025-06-02 03:57:52,Preventiva,Sensor,10.37,1513.7,Reparo elétrico
MT00148,M018,2024-07-06 06:20:35,Preventiva,Sistema elétrico,2.12,511.95,Lubrificação
MT00149,M020,2025-05-24 11:15:19,Preventiva,Rolamento,4.51,6458.89,Reparo elétrico
MT00150,M004,2024-01-05 14:25:27,Preventiva,Sistema elétrico,6.64,6552.61,Substituição de componente
MT00151,M002,2025-08-03 07:20:43,Corretiva,Correia,7.29,1070.9,Inspeção e ajuste
MT00152,M006,2024-08-09 02:55:14,Corretiva,Correia,5.33,2535.59,Limpeza técnica
MT00153,M005,2024-11-12 12:14:16,Preventiva,Sensor,0.57,6719.87,Reparo elétrico
MT00154,M017,2024-10-30 13:49:08,Preventiva,Bomba,3.09,4719.09,Calibração
MT00155,M017,2024-01-12 19:55:34,Preventiva,Bomba,7.77,1948.06,Limpeza técnica
MT00156,M012,2024-02-29 16:39:18,Corretiva,Motor,8.36,7458.58,Lubrificação
MT00157,M006,2025-08-20 13:27:19,Preventiva,Motor,11.97,2523.52,Inspeção e ajuste
MT00158,M010,2025-11-13 02:32:00,Preventiva,Ventilação,11.55,2045.69,Reparo elétrico
MT00159,M008,2024-08-29 20:07:50,Corretiva,Sensor,9.12,2026.22,Substituição de componente
MT00160,M016,2024-01-26 20:39:36,Corretiva,Correia,8.97,2013.01,Substituição de componente
MT00161,M009,2024-11-04 23:05:47,Corretiva,Correia,7.3,8243.11,Reparo elétrico
MT00162,M004,2024-02-07 13:51:33,Preventiva,Sensor,0.98,1644.23,Calibração
MT00163,M007,2024-12-11 08:09:25,Preventiva,Sensor,4.04,3460.67,Lubrificação
MT00164,M019,2024-05-31 11:40:49,Corretiva,Correia,0.76,6377.99,Inspeção e ajuste
MT00165,M013,2025-04-05 04:20:46,Corretiva,Sensor,5.75,4379.06,Lubrificação
MT00166,M005,2024-02-10 07:18:26,Preventiva,Sistema elétrico,2.06,5211.47,Limpeza técnica
MT00167,M017,2025-12-22 01:08:59,Preventiva,Ventilação,9.37,1688.68,Substituição de componente
MT00168,M003,2025-03-09 06:01:17,Corretiva,Motor,1.03,4280.95,Reparo elétrico
MT00169,M002,2025-03-14 05:22:06,Preventiva,Motor,7.78,7211.05,Calibração
MT00170,M008,2024-04-22 05:19:36,Preventiva,Ventilação,7.45,3065.29,Substituição de componente
MT00171,M006,2025-05-15 10:12:51,Preventiva,Motor,4.11,1809.96,Substituição de componente
MT00172,M020,2025-05-09 14:03:53,Preventiva,Ventilação,5.73,3985.92,Calibração
MT00173,M002,2025-05-27 20:47:17,Preventiva,Ventilação,5.85,7107.93,Lubrificação
MT00174,M002,2024-05-17 21:36:12,Preventiva,Sensor,0.85,3134.0,Calibração
MT00175,M003,2024-06-06 19:49:45,Corretiva,Motor,7.89,2624.31,Lubrificação
MT00176,M015,2024-04-03 15:46:18,Preventiva,Rolamento,5.09,1845.96,Limpeza técnica
MT00177,M003,2024-06-24 06:24:25,Corretiva,Motor,3.83,3852.51,Inspeção e ajuste
MT00178,M005,2024-09-10 12:38:29,Corretiva,Sistema elétrico,6.92,3239.02,Limpeza técnica
MT00179,M010,2025-03-28 11:22:26,Preventiva,Ventilação,4.34,7072.59,Lubrificação
MT00180,M010,2024-12-05 04:29:59,Preventiva,Motor,1.06,7568.23,Reparo elétrico
MT00181,M017,2025-07-25 10:13:29,Corretiva,Correia,2.48,5059.68,Reparo elétrico
MT00182,M005,2025-11-13 17:10:15,Preventiva,Correia,9.65,8103.1,Inspeção e ajuste
MT00183,M020,2025-11-23 13:44:45,Preventiva,Sensor,0.99,277.22,Reparo elétrico
MT00184,M005,2025-04-11 23:28:31,Corretiva,Rolamento,11.02,3562.44,Inspeção e ajuste
MT00185,M018,2024-11-14 12:55:14,Preventiva,Sensor,9.2,5505.22,Inspeção e ajuste
MT00186,M012,2025-10-29 11:09:50,Preventiva,Sistema elétrico,0.79,2531.42,Calibração
MT00187,M016,2025-08-02 08:41:44,Corretiva,Rolamento,2.76,7501.97,Limpeza técnica
MT00188,M004,2024-05-16 04:59:16,Corretiva,Motor,4.48,2940.17,Inspeção e ajuste
MT00189,M004,2025-10-23 07:49:04,Preventiva,Sensor,5.26,2407.04,Substituição de componente
MT00190,M008,2025-11-28 22:54:08,Preventiva,Sensor,1.24,6395.55,Substituição de componente
MT00191,M006,2024-01-17 10:06:36,Preventiva,Rolamento,11.39,5595.33,Lubrificação
MT00192,M014,2024-07-16 07:55:25,Preventiva,Ventilação,6.76,3294.13,Calibração
MT00193,M006,2024-02-03 06:30:10,Preventiva,Sensor,7.09,1521.09,Limpeza técnica
MT00194,M009,2025-03-04 14:41:27,Preventiva,Motor,5.28,1129.73,Lubrificação
MT00195,M019,2024-11-11 08:52:32,Preventiva,Sistema elétrico,11.26,1761.25,Reparo elétrico
MT00196,M015,2024-09-01 06:48:51,Preventiva,Bomba,3.94,1893.81,Lubrificação
MT00197,M011,2025-09-11 14:26:23,Preventiva,Sistema elétrico,1.47,4841.07,Reparo elétrico
MT00198,M002,2024-07-20 02:06:00,Corretiva,Rolamento,8.03,1805.86,Lubrificação
MT00199,M004,2024-07-15 09:28:22,Corretiva,Correia,6.9,7234.93,Limpeza técnica
MT00200,M019,2024-04-29 09:19:39,Preventiva,Rolamento,3.77,3695.86,Limpeza técnica
MT00201,M012,2025-12-08 10:41:13,Preventiva,Sistema elétrico,3.07,2917.03,Inspeção e ajuste
MT00202,M019,2025-02-22 03:31:23,Corretiva,Ventilação,10.1,8459.15,Reparo elétrico
MT00203,M016,2024-04-06 17:52:04,Preventiva,Sensor,8.64,7532.21,Lubrificação
MT00204,M005,2025-09-08 03:33:54,Preventiva,Motor,10.37,2878.43,Lubrificação
MT00205,M020,2025-07-17 08:28:00,Preventiva,Sensor,8.45,1590.05,Calibração
MT00206,M013,2024-10-04 23:55:20,Preventiva,Ventilação,11.77,1335.82,Inspeção e ajuste
MT00207,M003,2025-12-10 20:40:49,Corretiva,Rolamento,5.23,5030.62,Inspeção e ajuste
MT00208,M010,2025-02-13 21:08:32,Corretiva,Motor,4.56,3835.51,Reparo elétrico
MT00209,M015,2025-12-04 06:58:35,Preventiva,Rolamento,2.72,7118.32,Reparo elétrico
MT00210,M005,2025-11-29 07:04:29,Corretiva,Rolamento,3.83,7340.17,Reparo elétrico
MT00211,M006,2025-10-10 04:50:47,Preventiva,Sistema elétrico,1.37,8065.39,Calibração
MT00212,M002,2024-12-15 01:13:33,Preventiva,Sensor,6.38,7731.3,Lubrificação
MT00213,M004,2024-10-25 19:30:53,Corretiva,Bomba,0.73,6591.49,Substituição de componente
MT00214,M015,2024-11-15 08:53:03,Preventiva,Bomba,2.61,7231.02,Limpeza técnica
MT00215,M009,2024-06-07 16:50:45,Preventiva,Sensor,2.78,2823.55,Inspeção e ajuste
MT00216,M004,2025-06-23 14:35:05,Corretiva,Motor,4.14,8193.22,Lubrificação
MT00217,M001,2025-11-12 03:47:56,Preventiva,Rolamento,10.96,1265.74,Lubrificação
MT00218,M003,2025-10-28 13:36:01,Preventiva,Sensor,5.78,4282.42,Inspeção e ajuste
MT00219,M016,2025-12-29 21:06:00,Corretiva,Rolamento,11.76,531.95,Calibração
MT00220,M001,2024-04-16 05:13:02,Corretiva,Sistema elétrico,11.48,4190.65,Limpeza técnica
MT00221,M020,2024-02-17 00:02:47,Preventiva,Motor,10.04,7284.45,Inspeção e ajuste
MT00222,M006,2024-09-26 18:50:07,Preventiva,Rolamento,10.06,7189.43,Lubrificação
MT00223,M016,2025-02-24 00:10:42,Corretiva,Correia,3.86,5955.83,Limpeza técnica
MT00224,M009,2024-06-23 02:39:58,Preventiva,Motor,9.5,4003.98,Lubrificação
MT00225,M011,2024-07-16 09:35:42,Preventiva,Sensor,3.74,6626.4,Reparo elétrico
MT00226,M019,2024-10-13 13:07:06,Preventiva,Motor,6.77,2197.55,Substituição de componente
MT00227,M012,2025-09-14 03:31:11,Corretiva,Correia,9.83,6695.66,Substituição de componente
MT00228,M014,2024-10-30 02:09:03,Preventiva,Rolamento,4.73,4261.63,Substituição de componente
MT00229,M013,2025-04-15 00:26:48,Preventiva,Sistema elétrico,10.43,377.64,Calibração
MT00230,M019,2025-04-17 11:18:00,Corretiva,Correia,2.56,4116.97,Substituição de componente
MT00231,M020,2024-08-18 09:24:08,Corretiva,Ventilação,8.89,5617.38,Calibração
MT00232,M004,2025-11-12 22:37:42,Preventiva,Correia,1.47,3839.06,Limpeza técnica
MT00233,M001,2025-01-08 07:57:06,Preventiva,Correia,8.86,5681.06,Calibração
MT00234,M012,2025-05-27 03:11:04,Preventiva,Ventilação,2.27,4113.0,Calibração
MT00235,M019,2025-05-17 15:15:33,Preventiva,Bomba,11.96,7154.26,Substituição de componente
MT00236,M007,2025-12-12 07:22:15,Corretiva,Motor,6.1,5114.33,Reparo elétrico
MT00237,M018,2024-10-14 16:23:04,Preventiva,Bomba,8.67,5665.26,Reparo elétrico
MT00238,M012,2024-02-19 19:32:16,Preventiva,Bomba,6.24,7867.41,Lubrificação
MT00239,M012,2025-07-01 00:49:01,Preventiva,Sensor,8.04,4105.95,Reparo elétrico
MT00240,M006,2025-02-04 02:47:28,Corretiva,Rolamento,9.26,4196.43,Reparo elétrico
MT00241,M016,2025-02-12 07:04:29,Preventiva,Sistema elétrico,11.5,6170.45,Inspeção e ajuste
MT00242,M020,2025-07-14 10:45:42,Preventiva,Motor,5.97,753.57,Reparo elétrico
MT00243,M011,2024-10-05 11:34:49,Corretiva,Ventilação,2.14,1212.59,Lubrificação
MT00244,M014,2024-07-15 22:56:36,Corretiva,Ventilação,8.71,1570.68,Calibração
MT00245,M019,2025-11-24 00:25:24,Corretiva,Bomba,7.75,3316.31,Calibração
MT00246,M007,2025-05-25 09:04:32,Preventiva,Sistema elétrico,8.12,1548.96,Lubrificação
MT00247,M009,2025-04-23 16:14:36,Preventiva,Sensor,1.39,7627.12,Limpeza técnica
MT00248,M017,2025-07-01 07:52:25,Preventiva,Motor,6.2,3560.26,Calibração
MT00249,M018,2025-05-01 06:39:16,Preventiva,Correia,3.34,1875.43,Limpeza técnica
MT00250,M005,2024-10-04 07:13:51,Corretiva,Motor,10.07,8415.55,Lubrificação
MT00251,M009,2024-03-14 19:57:29,Preventiva,Motor,4.66,8131.71,Calibração
MT00252,M013,2025-02-23 11:13:47,Preventiva,Sistema elétrico,10.87,5887.4,Limpeza técnica
MT00253,M009,2024-03-15 09:38:29,Corretiva,Sistema elétrico,1.09,6854.34,Lubrificação
MT00254,M020,2025-11-27 02:48:42,Preventiva,Motor,5.34,5929.37,Lubrificação
MT00255,M018,2024-02-02 15:19:24,Preventiva,Sensor,10.71,1355.32,Inspeção e ajuste
MT00256,M007,2025-11-30 00:49:56,Corretiva,Bomba,5.26,6033.71,Substituição de componente
MT00257,M018,2025-10-12 08:25:36,Preventiva,Bomba,0.75,6956.95,Lubrificação
MT00258,M016,2025-11-29 12:55:04,Preventiva,Sensor,6.45,5816.76,Limpeza técnica
MT00259,M003,2024-02-29 12:19:25,Corretiva,Sistema elétrico,11.82,3560.95,Inspeção e ajuste
MT00260,M013,2025-12-05 10:18:24,Preventiva,Sensor,3.12,3413.54,Limpeza técnica
MT00261,M019,2025-02-01 01:35:49,Preventiva,Sensor,8.93,3457.45,Substituição de componente
MT00262,M014,2025-09-04 14:55:20,Preventiva,Ventilação,6.59,7446.71,Calibração
MT00263,M009,2025-10-21 15:17:18,Preventiva,Rolamento,1.82,6369.92,Calibração
MT00264,M013,2025-09-04 18:11:37,Preventiva,Motor,1.93,3176.86,Limpeza técnica
MT00265,M004,2025-04-20 21:56:29,Preventiva,Bomba,0.76,1298.34,Limpeza técnica
MT00266,M008,2025-06-07 14:21:02,Corretiva,Correia,11.91,5135.65,Calibração
MT00267,M015,2025-09-03 03:36:39,Preventiva,Correia,5.47,3324.24,Calibração
MT00268,M018,2025-11-05 13:09:32,Corretiva,Ventilação,7.15,5483.43,Inspeção e ajuste
MT00269,M018,2024-11-03 13:55:30,Corretiva,Sensor,5.41,8208.05,Limpeza técnica
MT00270,M011,2024-08-31 03:47:16,Preventiva,Bomba,1.5,2722.09,Substituição de componente
MT00271,M019,2024-05-05 06:50:49,Preventiva,Rolamento,7.73,6140.69,Lubrificação
MT00272,M012,2025-06-23 06:47:57,Preventiva,Motor,10.32,4435.35,Calibração
MT00273,M016,2024-08-11 08:26:38,Preventiva,Correia,1.78,6790.97,Limpeza técnica
MT00274,M008,2024-02-16 15:08:37,Preventiva,Sensor,3.44,4017.86,Substituição de componente
MT00275,M006,2025-02-08 04:14:17,Preventiva,Bomba,6.85,7104.53,Calibração
MT00276,M001,2025-05-02 22:44:53,Preventiva,Bomba,7.87,1638.17,Reparo elétrico
MT00277,M018,2024-01-11 07:33:11,Preventiva,Sensor,7.15,8001.15,Lubrificação
MT00278,M014,2024-08-16 07:00:44,Preventiva,Bomba,3.36,2011.05,Calibração
MT00279,M005,2024-10-28 21:58:33,Corretiva,Ventilação,10.6,6622.22,Limpeza técnica
MT00280,M006,2025-12-18 10:55:43,Corretiva,Ventilação,4.13,2641.81,Inspeção e ajuste
MT00281,M010,2025-06-04 07:22:13,Preventiva,Sensor,5.32,7076.3,Reparo elétrico
MT00282,M015,2025-10-14 03:08:14,Corretiva,Sistema elétrico,2.72,2627.04,Substituição de componente
MT00283,M018,2025-03-25 01:56:58,Preventiva,Ventilação,9.49,2587.69,Lubrificação
MT00284,M004,2024-03-16 06:20:08,Corretiva,Rolamento,1.04,5369.72,Inspeção e ajuste
MT00285,M020,2024-04-11 11:51:59,Preventiva,Ventilação,3.57,3435.4,Substituição de componente
MT00286,M019,2025-08-25 17:51:21,Corretiva,Motor,11.7,4925.63,Limpeza técnica
MT00287,M020,2024-09-27 01:00:18,Preventiva,Ventilação,1.09,7222.42,Inspeção e ajuste
MT00288,M014,2025-10-11 07:21:09,Preventiva,Bomba,9.64,2053.74,Calibração
MT00289,M005,2025-08-13 17:50:45,Corretiva,Motor,4.81,2759.43,Lubrificação
MT00290,M011,2024-01-19 22:22:25,Preventiva,Motor,9.98,4177.1,Inspeção e ajuste
MT00291,M016,2024-01-06 08:05:30,Corretiva,Ventilação,10.47,1468.16,Reparo elétrico
MT00292,M020,2024-05-05 18:50:08,Preventiva,Bomba,3.05,224.91,Reparo elétrico
MT00293,M019,2024-05-10 08:06:06,Preventiva,Ventilação,7.26,7681.32,Inspeção e ajuste
MT00294,M015,2024-05-11 00:03:43,Corretiva,Ventilação,7.96,1964.7,Substituição de componente
MT00295,M015,2025-10-19 08:55:14,Preventiva,Motor,10.42,8013.23,Calibração
MT00296,M008,2024-03-22 14:15:43,Corretiva,Ventilação,5.53,7459.46,Inspeção e ajuste
MT00297,M003,2025-03-03 03:33:05,Corretiva,Rolamento,4.68,1676.29,Inspeção e ajuste
MT00298,M013,2025-05-07 16:57:09,Corretiva,Sistema elétrico,11.99,5019.4,Inspeção e ajuste
MT00299,M013,2024-05-14 23:33:14,Corretiva,Rolamento,3.36,4891.27,Lubrificação
MT00300,M020,2025-03-30 12:13:23,Corretiva,Correia,3.17,3793.59,Calibração
MT00301,M018,2025-12-20 02:05:17,Corretiva,Bomba,0.78,1791.67,Calibração
MT00302,M005,2025-09-16 10:56:53,Preventiva,Sensor,4.87,3459.74,Lubrificação
MT00303,M007,2024-05-15 14:45:09,Preventiva,Rolamento,10.65,2820.81,Lubrificação
MT00304,M009,2025-08-30 18:29:07,Corretiva,Rolamento,6.18,6164.23,Limpeza técnica
MT00305,M006,2025-09-07 18:59:02,Corretiva,Motor,2.58,4161.66,Substituição de componente
MT00306,M006,2025-04-08 17:51:28,Corretiva,Sistema elétrico,10.08,807.4,Calibração
MT00307,M010,2025-06-05 22:18:36,Corretiva,Motor,5.48,6668.51,Lubrificação
MT00308,M003,2024-10-15 21:09:27,Preventiva,Bomba,2.49,1712.17,Substituição de componente
MT00309,M019,2025-04-10 11:24:29,Preventiva,Sensor,9.59,6224.88,Limpeza técnica
MT00310,M006,2025-09-25 04:40:35,Preventiva,Bomba,3.58,2462.2,Calibração
MT00311,M011,2024-07-15 19:52:45,Corretiva,Rolamento,5.3,3501.17,Inspeção e ajuste
MT00312,M012,2025-05-10 19:19:43,Corretiva,Correia,3.72,6167.73,Calibração
MT00313,M008,2024-12-15 06:30:00,Preventiva,Motor,6.07,1753.64,Limpeza técnica
MT00314,M014,2025-09-03 11:35:49,Corretiva,Ventilação,3.28,6503.47,Substituição de componente
MT00315,M008,2024-02-29 07:55:31,Preventiva,Motor,6.26,3750.44,Calibração
MT00316,M013,2024-09-03 18:39:31,Preventiva,Ventilação,9.53,3989.12,Lubrificação
MT00317,M012,2024-09-20 11:30:00,Preventiva,Correia,9.22,6350.17,Calibração
MT00318,M011,2024-09-29 00:36:25,Preventiva,Motor,8.28,7422.07,Reparo elétrico
MT00319,M015,2024-10-14 08:12:07,Corretiva,Motor,9.03,6596.97,Calibração
MT00320,M007,2025-11-20 07:26:37,Preventiva,Sensor,10.48,1659.0,Substituição de componente
MT00321,M004,2024-10-21 20:38:39,Preventiva,Bomba,4.7,7222.67,Lubrificação
MT00322,M010,2025-09-18 05:15:20,Preventiva,Ventilação,4.64,1605.65,Substituição de componente
MT00323,M007,2025-04-16 00:33:37,Corretiva,Sistema elétrico,3.02,2446.63,Reparo elétrico
MT00324,M013,2024-05-21 12:30:24,Corretiva,Correia,1.03,1858.04,Calibração
MT00325,M001,2024-04-17 18:25:21,Corretiva,Rolamento,3.18,5164.49,Inspeção e ajuste
MT00326,M019,2024-01-23 09:10:04,Preventiva,Sensor,8.35,591.62,Limpeza técnica
MT00327,M001,2025-09-29 00:16:19,Preventiva,Ventilação,3.96,1234.63,Substituição de componente
MT00328,M010,2024-12-01 02:03:41,Corretiva,Ventilação,0.8,7557.35,Limpeza técnica
MT00329,M006,2024-05-16 22:51:54,Corretiva,Motor,5.14,8032.56,Limpeza técnica
MT00330,M020,2025-08-27 05:27:23,Corretiva,Ventilação,3.31,6628.48,Substituição de componente
MT00331,M016,2024-05-17 17:06:09,Preventiva,Ventilação,7.9,2084.12,Limpeza técnica
MT00332,M009,2024-02-13 20:26:51,Corretiva,Rolamento,10.92,3845.96,Lubrificação
MT00333,M007,2025-11-05 16:56:27,Preventiva,Correia,8.35,854.66,Limpeza técnica
MT00334,M006,2024-10-07 05:46:11,Preventiva,Motor,10.3,8347.29,Substituição de componente
MT00335,M020,2025-01-10 06:50:59,Corretiva,Sensor,8.18,3926.33,Substituição de componente
MT00336,M009,2024-02-03 03:13:42,Preventiva,Correia,6.1,3808.52,Substituição de componente
MT00337,M001,2025-02-11 09:58:51,Preventiva,Sensor,5.12,1648.17,Calibração
MT00338,M013,2025-07-12 18:12:21,Corretiva,Sistema elétrico,9.33,910.59,Substituição de componente
MT00339,M007,2024-12-06 09:54:12,Preventiva,Ventilação,4.18,6482.16,Substituição de componente
MT00340,M007,2025-03-02 06:59:42,Preventiva,Ventilação,8.0,8301.36,Reparo elétrico
MT00341,M010,2025-05-22 00:49:41,Preventiva,Motor,6.14,8090.24,Lubrificação
MT00342,M016,2024-06-09 06:34:16,Preventiva,Sensor,7.57,7137.03,Inspeção e ajuste
MT00343,M003,2025-08-16 07:14:47,Corretiva,Motor,6.03,2794.17,Calibração
MT00344,M004,2024-02-03 21:28:53,Preventiva,Correia,8.66,167.09,Reparo elétrico
MT00345,M007,2025-08-09 06:18:49,Preventiva,Rolamento,6.46,499.58,Limpeza técnica
MT00346,M008,2025-05-07 00:43:45,Preventiva,Ventilação,1.34,8241.77,Inspeção e ajuste
MT00347,M020,2024-03-10 14:30:53,Corretiva,Sensor,6.22,5269.57,Substituição de componente
MT00348,M009,2025-04-06 17:53:12,Preventiva,Bomba,3.61,7484.33,Calibração
MT00349,M014,2024-04-11 03:54:22,Corretiva,Correia,7.93,4876.31,Limpeza técnica
MT00350,M001,2025-11-28 13:29:18,Preventiva,Motor,11.71,4789.53,Inspeção e ajuste
MT00351,M001,2024-09-14 13:00:10,Preventiva,Sensor,5.37,5603.72,Calibração
MT00352,M020,2025-11-11 06:00:42,Preventiva,Correia,3.31,4669.97,Reparo elétrico
MT00353,M018,2024-02-19 03:11:33,Corretiva,Ventilação,0.57,6596.55,Lubrificação
MT00354,M016,2025-09-13 07:56:16,Corretiva,Bomba,7.23,2430.2,Inspeção e ajuste
MT00355,M019,2025-10-08 04:47:40,Preventiva,Correia,0.93,1371.31,Inspeção e ajuste
MT00356,M012,2024-04-16 09:19:02,Preventiva,Motor,6.98,6343.57,Calibração
MT00357,M019,2025-11-11 18:07:40,Preventiva,Sensor,1.69,3308.29,Lubrificação
MT00358,M002,2025-05-21 22:44:56,Corretiva,Sensor,6.17,4740.9,Substituição de componente
MT00359,M014,2025-03-31 15:13:34,Corretiva,Correia,1.43,1445.72,Lubrificação
MT00360,M017,2024-04-01 08:02:54,Preventiva,Sensor,2.95,6598.67,Substituição de componente
MT00361,M007,2025-08-02 19:30:24,Corretiva,Correia,7.05,1158.72,Substituição de componente
MT00362,M008,2025-12-20 14:12:26,Preventiva,Sensor,8.32,3691.34,Reparo elétrico
MT00363,M001,2025-10-09 03:19:53,Preventiva,Bomba,5.7,5350.11,Substituição de componente
MT00364,M017,2025-03-29 05:56:30,Corretiva,Bomba,6.52,6271.58,Lubrificação
MT00365,M013,2025-01-20 17:14:56,Corretiva,Sensor,11.31,5965.37,Reparo elétrico
MT00366,M018,2024-12-04 12:18:44,Preventiva,Sensor,2.14,184.06,Reparo elétrico
MT00367,M010,2024-02-09 21:28:44,Preventiva,Correia,2.88,7797.18,Limpeza técnica
MT00368,M004,2024-04-17 11:30:32,Preventiva,Rolamento,10.81,1540.12,Lubrificação
MT00369,M012,2025-06-08 05:22:38,Preventiva,Ventilação,8.56,7311.83,Limpeza técnica
MT00370,M009,2024-12-30 14:01:35,Preventiva,Correia,7.89,8392.13,Reparo elétrico
MT00371,M003,2024-03-29 00:24:16,Preventiva,Sistema elétrico,4.35,967.01,Limpeza técnica
MT00372,M019,2024-12-24 22:27:08,Corretiva,Motor,8.63,4615.54,Limpeza técnica
MT00373,M012,2024-07-01 01:40:21,Preventiva,Bomba,8.31,5637.77,Limpeza técnica
MT00374,M015,2025-01-20 09:22:36,Corretiva,Sistema elétrico,3.48,4999.59,Inspeção e ajuste
MT00375,M004,2024-07-31 06:14:17,Corretiva,Motor,4.0,7305.39,Substituição de componente
MT00376,M013,2024-09-06 11:15:00,Preventiva,Bomba,7.97,1251.67,Calibração
MT00377,M002,2024-05-02 08:29:27,Corretiva,Bomba,3.52,5670.61,Inspeção e ajuste
MT00378,M001,2024-05-24 13:54:25,Corretiva,Ventilação,10.31,7739.98,Lubrificação
MT00379,M014,2024-01-24 04:27:50,Preventiva,Correia,7.78,3412.73,Lubrificação
MT00380,M007,2024-07-11 15:17:28,Preventiva,Sensor,9.51,7137.43,Limpeza técnica
MT00381,M007,2024-11-12 07:09:42,Preventiva,Ventilação,2.24,8141.06,Calibração
MT00382,M016,2024-10-27 14:49:35,Preventiva,Sistema elétrico,7.32,4672.83,Lubrificação
MT00383,M004,2024-10-21 16:11:01,Preventiva,Sistema elétrico,4.33,4061.63,Reparo elétrico
MT00384,M009,2024-12-06 20:40:56,Corretiva,Rolamento,11.04,6015.95,Calibração
MT00385,M005,2024-02-24 10:07:53,Preventiva,Motor,6.15,2086.21,Calibração
MT00386,M018,2025-12-03 14:30:36,Corretiva,Correia,2.6,4115.41,Limpeza técnica
MT00387,M008,2025-05-17 07:32:33,Preventiva,Bomba,9.66,7451.57,Substituição de componente
MT00388,M019,2024-02-14 21:12:09,Corretiva,Motor,11.84,6376.4,Limpeza técnica
MT00389,M008,2024-09-15 18:58:23,Corretiva,Correia,9.89,2175.52,Calibração
MT00390,M005,2024-10-09 11:40:15,Corretiva,Bomba,10.94,4773.8,Lubrificação
MT00391,M014,2024-10-17 07:54:29,Preventiva,Rolamento,5.04,2751.11,Limpeza técnica
MT00392,M010,2025-12-30 15:41:50,Preventiva,Correia,11.66,1774.02,Substituição de componente
MT00393,M017,2024-08-12 14:54:04,Corretiva,Bomba,9.49,7822.7,Limpeza técnica
MT00394,M018,2025-08-30 02:22:13,Preventiva,Motor,8.83,1680.09,Inspeção e ajuste
MT00395,M003,2024-02-10 22:01:20,Preventiva,Sensor,2.82,6659.75,Calibração
MT00396,M012,2024-05-31 13:02:05,Preventiva,Bomba,4.03,6126.07,Calibração
MT00397,M009,2025-07-11 11:09:35,Preventiva,Sensor,7.3,976.37,Limpeza técnica
MT00398,M020,2024-11-28 17:05:08,Preventiva,Sistema elétrico,2.56,7985.04,Calibração
MT00399,M007,2025-02-19 13:00:49,Preventiva,Ventilação,3.45,1163.43,Reparo elétrico
MT00400,M003,2024-03-10 17:07:01,Preventiva,Correia,5.01,7978.34,Lubrificação
MT00401,M008,2024-04-12 07:17:30,Preventiva,Ventilação,8.62,1319.21,Calibração
MT00402,M004,2024-05-16 09:26:10,Preventiva,Bomba,10.47,2823.25,Substituição de componente
MT00403,M015,2024-04-05 03:26:50,Preventiva,Ventilação,7.09,1848.14,Substituição de componente
MT00404,M001,2024-12-21 08:18:10,Preventiva,Sistema elétrico,1.37,1718.12,Lubrificação
MT00405,M001,2024-10-16 01:20:40,Preventiva,Bomba,0.74,4971.24,Inspeção e ajuste
MT00406,M015,2025-03-05 18:23:00,Preventiva,Rolamento,11.18,922.88,Inspeção e ajuste
MT00407,M008,2024-11-30 05:02:05,Preventiva,Correia,4.52,1942.06,Calibração
MT00408,M016,2024-03-04 00:29:52,Preventiva,Sensor,10.09,6213.54,Inspeção e ajuste
MT00409,M005,2025-11-17 19:10:33,Preventiva,Motor,5.66,7380.89,Substituição de componente
MT00410,M008,2024-09-07 14:18:37,Corretiva,Sistema elétrico,8.54,352.25,Calibração
MT00411,M018,2025-09-17 01:56:27,Preventiva,Bomba,1.64,8039.28,Lubrificação
MT00412,M009,2025-07-24 04:26:15,Preventiva,Sistema elétrico,9.49,2459.29,Calibração
MT00413,M002,2024-12-07 11:43:43,Corretiva,Motor,3.39,725.67,Limpeza técnica
MT00414,M019,2024-07-07 22:09:39,Corretiva,Correia,10.72,676.14,Calibração
MT00415,M020,2025-10-29 03:13:38,Corretiva,Ventilação,8.32,4211.94,Limpeza técnica
MT00416,M009,2025-12-07 23:19:14,Preventiva,Sistema elétrico,0.69,1630.08,Substituição de componente
MT00417,M015,2025-12-22 05:37:22,Corretiva,Rolamento,9.48,1837.36,Calibração
MT00418,M008,2025-04-04 16:02:07,Preventiva,Correia,7.46,2714.42,Reparo elétrico
MT00419,M020,2024-03-02 00:28:14,Preventiva,Motor,0.89,5508.05,Inspeção e ajuste
MT00420,M018,2024-03-29 07:48:58,Corretiva,Motor,10.79,7019.77,Calibração
MT00421,M009,2024-10-17 06:02:38,Preventiva,Ventilação,7.04,3454.91,Reparo elétrico
MT00422,M014,2025-04-17 09:06:53,Preventiva,Motor,9.14,530.15,Substituição de componente
MT00423,M011,2024-08-10 00:22:38,Corretiva,Motor,3.15,7210.83,Substituição de componente
MT00424,M015,2024-01-14 17:08:20,Preventiva,Correia,4.31,1222.94,Reparo elétrico
MT00425,M020,2024-04-06 12:59:42,Preventiva,Sensor,2.17,7575.96,Lubrificação
MT00426,M008,2024-03-17 15:58:27,Preventiva,Sistema elétrico,0.56,7759.43,Inspeção e ajuste
MT00427,M002,2024-10-08 04:01:21,Preventiva,Motor,2.95,8037.63,Limpeza técnica
MT00428,M016,2024-07-26 23:40:55,Preventiva,Ventilação,4.67,661.99,Limpeza técnica
MT00429,M010,2025-07-26 20:38:19,Preventiva,Sensor,6.94,5830.05,Lubrificação
MT00430,M006,2025-04-30 14:28:35,Preventiva,Sensor,5.02,293.41,Lubrificação
MT00431,M019,2025-03-27 03:20:23,Corretiva,Correia,0.59,7192.6,Inspeção e ajuste
MT00432,M014,2024-09-15 14:42:08,Corretiva,Ventilação,8.39,4378.67,Limpeza técnica
MT00433,M010,2024-01-29 22:44:24,Corretiva,Bomba,6.67,1619.52,Substituição de componente
MT00434,M019,2025-12-13 22:39:55,Preventiva,Bomba,11.61,3858.88,Lubrificação
MT00435,M008,2024-05-20 06:23:15,Corretiva,Sensor,5.74,5671.46,Limpeza técnica
MT00436,M001,2025-08-16 04:15:35,Preventiva,Bomba,10.2,3565.31,Inspeção e ajuste
MT00437,M018,2025-05-28 11:54:02,Corretiva,Sensor,4.52,705.82,Reparo elétrico
MT00438,M003,2024-02-27 21:10:02,Preventiva,Sistema elétrico,1.66,585.14,Substituição de componente
MT00439,M014,2025-10-07 13:18:50,Preventiva,Rolamento,5.15,1194.88,Calibração
MT00440,M006,2024-08-20 17:54:58,Corretiva,Ventilação,5.39,1249.57,Limpeza técnica
MT00441,M006,2025-01-06 01:47:44,Preventiva,Sensor,5.14,1269.95,Lubrificação
MT00442,M019,2024-04-26 10:21:51,Preventiva,Sistema elétrico,10.44,7706.13,Limpeza técnica
MT00443,M014,2024-09-03 21:29:10,Corretiva,Ventilação,7.17,4824.81,Reparo elétrico
MT00444,M017,2024-06-29 08:37:45,Corretiva,Bomba,6.36,6375.11,Lubrificação
MT00445,M001,2024-04-21 04:22:06,Preventiva,Correia,4.01,519.15,Limpeza técnica
MT00446,M019,2025-02-03 15:52:09,Preventiva,Bomba,8.53,4648.13,Reparo elétrico
MT00447,M016,2024-07-14 03:01:25,Preventiva,Sistema elétrico,9.63,6898.91,Inspeção e ajuste
MT00448,M009,2024-07-09 17:30:03,Preventiva,Bomba,4.71,1058.25,Lubrificação
MT00449,M010,2024-06-22 07:58:17,Preventiva,Rolamento,1.05,5546.6,Inspeção e ajuste
MT00450,M012,2024-08-04 08:31:10,Preventiva,Sensor,10.34,3611.25,Calibração
MT00451,M012,2025-10-16 02:31:42,Preventiva,Correia,5.53,4848.51,Limpeza técnica
MT00452,M018,2024-05-23 20:08:41,Preventiva,Sensor,3.74,5863.93,Substituição de componente
MT00453,M020,2025-09-30 22:21:56,Corretiva,Motor,11.64,6565.65,Limpeza técnica
MT00454,M010,2025-05-17 22:08:49,Corretiva,Sistema elétrico,10.69,3409.45,Limpeza técnica
MT00455,M004,2025-07-16 08:18:51,Preventiva,Ventilação,5.39,3197.7,Calibração
MT00456,M012,2024-10-01 19:17:49,Corretiva,Sistema elétrico,2.9,7177.05,Limpeza técnica
MT00457,M019,2024-08-26 19:34:02,Preventiva,Sensor,5.29,5559.18,Substituição de componente
MT00458,M018,2025-03-20 13:31:34,Corretiva,Ventilação,8.84,5088.16,Limpeza técnica
MT00459,M018,2024-03-24 01:24:22,Corretiva,Bomba,10.21,1529.9,Reparo elétrico
MT00460,M018,2024-04-24 02:00:35,Preventiva,Sistema elétrico,3.01,2324.02,Reparo elétrico
MT00461,M015,2025-12-19 18:33:23,Preventiva,Sensor,7.13,375.68,Reparo elétrico
MT00462,M014,2024-09-12 18:06:26,Preventiva,Rolamento,9.43,2474.05,Reparo elétrico
MT00463,M011,2024-09-20 23:26:11,Preventiva,Ventilação,9.02,3138.5,Inspeção e ajuste
MT00464,M018,2024-04-06 01:47:22,Corretiva,Correia,7.43,1230.28,Reparo elétrico
MT00465,M018,2024-05-17 06:05:19,Preventiva,Ventilação,0.65,3040.84,Reparo elétrico
MT00466,M017,2024-05-04 13:12:05,Corretiva,Correia,0.93,5282.76,Calibração
MT00467,M005,2024-02-07 10:02:05,Preventiva,Bomba,9.75,1488.81,Reparo elétrico
MT00468,M011,2024-12-02 10:39:12,Corretiva,Bomba,3.53,1879.0,Calibração
MT00469,M009,2025-07-06 22:28:05,Preventiva,Ventilação,2.34,7803.41,Calibração
MT00470,M012,2025-10-03 15:31:17,Preventiva,Ventilação,4.92,4348.93,Calibração
MT00471,M002,2025-10-06 23:47:55,Preventiva,Ventilação,4.31,486.43,Calibração
MT00472,M015,2024-05-25 04:04:06,Preventiva,Ventilação,2.22,6812.28,Lubrificação
MT00473,M001,2025-03-11 15:19:11,Corretiva,Ventilação,10.74,6845.94,Limpeza técnica
MT00474,M001,2024-11-09 13:42:26,Preventiva,Sistema elétrico,11.99,7007.51,Calibração
MT00475,M007,2024-04-25 08:12:18,Corretiva,Correia,4.26,6526.78,Substituição de componente
MT00476,M003,2024-05-04 02:35:00,Corretiva,Bomba,7.06,2681.78,Lubrificação
MT00477,M020,2025-07-24 20:06:46,Preventiva,Sistema elétrico,1.06,2536.9,Lubrificação
MT00478,M016,2025-05-22 17:59:09,Preventiva,Sistema elétrico,4.69,5650.96,Reparo elétrico
MT00479,M006,2025-12-17 01:02:57,Corretiva,Sistema elétrico,11.1,2154.26,Calibração
MT00480,M001,2024-01-10 05:11:42,Preventiva,Sistema elétrico,5.52,1971.5,Lubrificação
MT00481,M004,2025-10-22 16:17:43,Corretiva,Correia,11.24,2666.79,Lubrificação
MT00482,M011,2025-10-16 04:15:54,Corretiva,Bomba,7.33,5010.13,Limpeza técnica
MT00483,M005,2024-01-27 21:41:10,Preventiva,Sensor,1.18,4386.6,Calibração
MT00484,M014,2024-04-10 05:04:47,Preventiva,Sistema elétrico,3.9,5250.79,Reparo elétrico
MT00485,M006,2024-10-23 17:39:53,Preventiva,Correia,9.67,2162.46,Lubrificação
MT00486,M005,2025-06-05 14:23:56,Corretiva,Sensor,11.48,7253.82,Lubrificação
MT00487,M010,2025-12-20 22:46:44,Preventiva,Correia,5.78,784.76,Reparo elétrico
MT00488,M006,2025-01-12 09:14:13,Corretiva,Sistema elétrico,8.68,6520.44,Calibração
MT00489,M017,2024-03-01 06:00:09,Preventiva,Rolamento,6.34,1412.76,Substituição de componente
MT00490,M017,2024-06-06 10:52:23,Preventiva,Correia,7.79,4729.01,Inspeção e ajuste
MT00491,M013,2025-04-08 13:30:49,Preventiva,Correia,10.36,8061.11,Reparo elétrico
MT00492,M015,2024-07-01 20:01:30,Preventiva,Sensor,8.26,2390.72,Substituição de componente
MT00493,M008,2025-05-09 13:42:55,Preventiva,Rolamento,6.93,3944.33,Limpeza técnica
MT00494,M019,2024-03-05 14:35:42,Preventiva,Correia,11.42,4358.87,Limpeza técnica
MT00495,M003,2025-12-05 05:38:52,Preventiva,Motor,10.84,3669.64,Calibração
MT00496,M019,2025-12-29 13:06:28,Preventiva,Sensor,8.2,1142.03,Lubrificação
MT00497,M007,2025-10-16 00:59:58,Preventiva,Rolamento,9.76,3351.86,Lubrificação
MT00498,M015,2024-04-04 23:19:02,Preventiva,Bomba,3.09,4810.32,Lubrificação
MT00499,M015,2024-07-21 04:36:03,Preventiva,Bomba,9.57,2925.85,Reparo elétrico
MT00500,M002,2025-09-13 11:39:57,Preventiva,Bomba,3.12,5910.35,Substituição de componente
MT00501,M014,2024-08-14 21:36:43,Preventiva,Motor,10.88,3452.94,Lubrificação
MT00502,M006,2025-07-30 00:19:48,Preventiva,Correia,11.13,5985.9,Lubrificação
MT00503,M007,2024-03-19 23:36:44,Preventiva,Sistema elétrico,9.89,2163.03,Calibração
MT00504,M010,2025-02-12 20:33:33,Preventiva,Bomba,1.35,1810.22,Lubrificação
MT00505,M001,2024-08-17 09:05:52,Corretiva,Correia,11.31,5051.85,Calibração
MT00506,M003,2024-08-18 21:23:23,Preventiva,Motor,8.03,3430.38,Calibração
MT00507,M018,2024-04-21 21:30:13,Preventiva,Ventilação,5.4,7858.89,Lubrificação
MT00508,M010,2025-03-07 06:04:52,Corretiva,Ventilação,9.13,3269.07,Reparo elétrico
MT00509,M004,2025-09-07 18:08:41,Preventiva,Bomba,5.48,1746.8,Lubrificação
MT00510,M020,2025-11-28 12:33:39,Preventiva,Ventilação,11.54,8400.49,Limpeza técnica
MT00511,M001,2024-10-08 18:26:27,Preventiva,Rolamento,9.64,5713.27,Lubrificação
MT00512,M003,2024-02-03 02:04:27,Preventiva,Bomba,6.51,5563.31,Inspeção e ajuste
MT00513,M007,2024-07-19 17:19:36,Preventiva,Sensor,4.63,3201.85,Substituição de componente
MT00514,M017,2024-05-03 05:00:20,Corretiva,Sistema elétrico,10.45,1777.22,Inspeção e ajuste
MT00515,M006,2025-12-24 13:43:26,Preventiva,Sensor,6.29,4502.97,Calibração
MT00516,M007,2024-03-14 20:04:23,Preventiva,Sistema elétrico,8.35,1024.16,Lubrificação
MT00517,M017,2024-04-16 22:06:17,Corretiva,Ventilação,6.14,7917.24,Reparo elétrico
MT00518,M020,2025-06-28 03:27:24,Corretiva,Sensor,0.92,2932.15,Calibração
MT00519,M007,2025-03-16 20:58:42,Preventiva,Ventilação,8.21,4724.49,Reparo elétrico
MT00520,M014,2024-02-02 16:17:38,Corretiva,Bomba,2.02,1106.96,Calibração
MT00521,M011,2024-10-20 22:57:35,Preventiva,Ventilação,1.06,3715.77,Calibração
MT00522,M019,2024-01-16 01:51:49,Preventiva,Motor,3.47,5859.32,Inspeção e ajuste
MT00523,M020,2024-11-15 12:38:04,Corretiva,Bomba,0.94,333.21,Limpeza técnica
MT00524,M007,2025-11-21 13:59:43,Preventiva,Sensor,1.3,6017.03,Substituição de componente
MT00525,M019,2025-03-09 13:38:14,Corretiva,Rolamento,7.57,6459.98,Calibração
MT00526,M007,2025-04-24 00:10:52,Preventiva,Bomba,1.65,4721.25,Lubrificação
MT00527,M015,2024-12-17 05:14:08,Preventiva,Sistema elétrico,9.35,5877.97,Substituição de componente
MT00528,M003,2025-08-05 13:20:34,Preventiva,Correia,7.34,7502.59,Lubrificação
MT00529,M018,2025-08-05 09:22:38,Preventiva,Correia,9.47,6545.88,Lubrificação
MT00530,M014,2025-08-28 09:17:51,Preventiva,Motor,1.2,757.77,Limpeza técnica
MT00531,M014,2025-06-06 19:34:08,Corretiva,Ventilação,5.57,7759.88,Reparo elétrico
MT00532,M019,2024-12-07 05:06:19,Preventiva,Sensor,10.35,2192.68,Inspeção e ajuste
MT00533,M004,2024-04-07 14:44:30,Preventiva,Motor,10.12,584.12,Reparo elétrico
MT00534,M005,2024-11-19 12:26:29,Preventiva,Bomba,8.42,1192.43,Limpeza técnica
MT00535,M009,2024-11-07 05:42:27,Preventiva,Rolamento,0.81,6803.62,Lubrificação
MT00536,M012,2025-10-16 05:04:17,Preventiva,Sensor,5.56,6722.7,Lubrificação
MT00537,M016,2024-07-07 20:41:26,Corretiva,Ventilação,11.62,7484.53,Limpeza técnica
MT00538,M012,2025-01-09 06:06:53,Corretiva,Bomba,1.45,1152.07,Substituição de componente
MT00539,M002,2025-01-07 03:58:08,Corretiva,Correia,4.14,1054.83,Inspeção e ajuste
MT00540,M004,2025-08-10 10:07:32,Corretiva,Sensor,11.04,5798.47,Lubrificação
MT00541,M018,2024-06-13 15:20:56,Corretiva,Rolamento,10.31,302.46,Limpeza técnica
MT00542,M013,2025-09-27 06:25:11,Preventiva,Bomba,6.93,4031.6,Inspeção e ajuste
MT00543,M016,2024-12-13 18:49:48,Corretiva,Sistema elétrico,5.62,6133.77,Limpeza técnica
MT00544,M013,2024-11-15 10:27:43,Corretiva,Ventilação,11.12,3264.85,Substituição de componente
MT00545,M001,2025-10-30 07:16:56,Preventiva,Ventilação,7.12,3184.51,Calibração
MT00546,M009,2024-09-05 04:11:07,Corretiva,Sensor,5.48,301.11,Reparo elétrico
MT00547,M001,2024-10-15 12:46:18,Corretiva,Sensor,8.06,725.52,Limpeza técnica
MT00548,M007,2024-01-25 22:13:46,Preventiva,Ventilação,8.46,5548.06,Calibração
MT00549,M014,2024-06-29 03:48:43,Corretiva,Ventilação,8.23,3837.75,Limpeza técnica
MT00550,M018,2025-01-07 21:13:08,Corretiva,Motor,2.76,4699.7,Substituição de componente
MT00551,M013,2024-12-13 17:22:45,Corretiva,Sensor,2.73,7474.34,Substituição de componente
MT00552,M002,2025-04-16 10:06:25,Preventiva,Correia,2.34,8158.82,Inspeção e ajuste
MT00553,M008,2025-05-21 19:14:14,Corretiva,Sensor,11.22,8308.46,Calibração
MT00554,M016,2024-05-31 08:00:16,Preventiva,Ventilação,2.0,4862.97,Limpeza técnica
MT00555,M001,2024-08-13 20:52:53,Preventiva,Bomba,3.14,5256.66,Lubrificação
MT00556,M002,2024-03-25 15:20:42,Corretiva,Sistema elétrico,11.02,2086.28,Reparo elétrico
MT00557,M002,2025-07-29 08:04:32,Preventiva,Ventilação,11.26,2099.71,Reparo elétrico
MT00558,M020,2025-11-11 05:50:38,Corretiva,Sensor,6.99,7594.31,Limpeza técnica
MT00559,M006,2025-07-09 00:54:01,Preventiva,Sistema elétrico,6.78,5010.74,Inspeção e ajuste
MT00560,M007,2025-03-20 19:41:03,Corretiva,Motor,0.52,6043.8,Calibração
MT00561,M015,2024-01-11 14:31:48,Preventiva,Correia,6.45,4771.14,Reparo elétrico
MT00562,M014,2025-08-22 08:51:10,Corretiva,Correia,5.66,6163.8,Limpeza técnica
MT00563,M005,2024-11-13 08:37:33,Preventiva,Rolamento,7.01,314.0,Substituição de componente
MT00564,M019,2025-05-31 06:18:56,Preventiva,Motor,5.19,3409.03,Inspeção e ajuste
MT00565,M005,2025-01-17 23:51:26,Preventiva,Ventilação,9.95,8241.68,Lubrificação
MT00566,M012,2024-09-12 12:44:36,Preventiva,Motor,1.76,7129.64,Calibração
MT00567,M014,2024-04-24 23:14:37,Preventiva,Ventilação,2.07,4454.0,Substituição de componente
MT00568,M014,2025-10-03 18:19:53,Preventiva,Motor,5.1,3012.86,Lubrificação
MT00569,M003,2025-05-28 10:26:47,Corretiva,Motor,5.36,5749.56,Limpeza técnica
MT00570,M017,2024-08-21 08:10:34,Preventiva,Bomba,4.93,7151.94,Lubrificação
MT00571,M016,2024-12-24 15:21:32,Preventiva,Correia,4.05,5448.96,Substituição de componente
MT00572,M007,2024-03-25 01:47:28,Preventiva,Ventilação,10.02,3767.75,Reparo elétrico
MT00573,M007,2025-05-11 06:56:09,Corretiva,Sistema elétrico,0.59,2153.72,Limpeza técnica
MT00574,M010,2025-04-23 15:30:29,Corretiva,Ventilação,2.92,1130.46,Lubrificação
MT00575,M018,2024-02-07 18:00:59,Preventiva,Correia,2.71,5664.51,Calibração
MT00576,M019,2024-11-09 23:56:57,Corretiva,Bomba,2.22,6068.09,Reparo elétrico
MT00577,M011,2025-07-26 17:30:34,Preventiva,Sistema elétrico,2.66,1757.07,Lubrificação
MT00578,M017,2025-07-08 02:56:45,Corretiva,Ventilação,8.58,2304.64,Limpeza técnica
MT00579,M015,2024-12-17 22:38:17,Corretiva,Ventilação,9.03,1694.45,Calibração
MT00580,M018,2025-03-13 17:35:47,Corretiva,Bomba,8.92,6461.96,Inspeção e ajuste
MT00581,M001,2025-06-11 08:47:55,Preventiva,Ventilação,11.64,5234.54,Limpeza técnica
MT00582,M020,2024-04-12 14:11:17,Preventiva,Correia,3.69,1159.18,Substituição de componente
MT00583,M019,2025-01-04 01:12:16,Corretiva,Motor,10.05,6680.66,Lubrificação
MT00584,M010,2025-11-12 05:11:32,Corretiva,Sensor,9.41,3586.4,Reparo elétrico
MT00585,M002,2025-08-20 19:54:15,Corretiva,Motor,9.49,4024.99,Substituição de componente
MT00586,M011,2025-06-20 23:02:04,Preventiva,Motor,7.53,6739.19,Lubrificação
MT00587,M010,2024-12-16 20:03:44,Preventiva,Rolamento,10.81,5526.9,Calibração
MT00588,M002,2025-07-11 01:32:47,Corretiva,Rolamento,10.57,906.23,Substituição de componente
MT00589,M010,2024-09-16 15:55:14,Corretiva,Motor,4.48,668.3,Substituição de componente
MT00590,M001,2024-05-06 23:26:59,Preventiva,Sistema elétrico,6.53,7251.54,Reparo elétrico
MT00591,M006,2025-02-24 04:30:01,Preventiva,Motor,8.79,4691.92,Substituição de componente
MT00592,M010,2024-06-28 13:02:37,Preventiva,Sensor,5.55,8162.26,Calibração
MT00593,M016,2024-03-21 19:09:39,Preventiva,Sistema elétrico,2.24,5180.39,Limpeza técnica
MT00594,M008,2024-12-01 13:37:07,Preventiva,Ventilação,11.7,2056.69,Limpeza técnica
MT00595,M004,2025-09-17 17:53:35,Preventiva,Motor,4.87,3132.52,Lubrificação
MT00596,M013,2024-07-16 08:57:27,Preventiva,Rolamento,2.49,2279.5,Substituição de componente
MT00597,M018,2024-12-13 15:21:23,Preventiva,Motor,3.47,8322.05,Inspeção e ajuste
MT00598,M011,2024-10-11 20:02:23,Preventiva,Motor,8.33,7727.45,Reparo elétrico
MT00599,M009,2024-01-28 01:30:41,Preventiva,Ventilação,11.42,1759.66,Inspeção e ajuste
MT00600,M013,2024-10-29 18:49:30,Corretiva,Rolamento,2.67,5674.17,Calibração
MT00601,M010,2025-09-06 02:23:29,Corretiva,Sistema elétrico,4.62,7133.83,Inspeção e ajuste
MT00602,M008,2025-10-12 21:13:47,Preventiva,Rolamento,1.98,3105.45,Reparo elétrico
MT00603,M002,2025-07-28 01:16:47,Corretiva,Rolamento,5.28,677.62,Reparo elétrico
MT00604,M003,2025-09-23 14:54:07,Corretiva,Sensor,5.31,2028.35,Limpeza técnica
MT00605,M018,2025-02-05 00:37:34,Corretiva,Bomba,10.47,7735.74,Inspeção e ajuste
MT00606,M005,2025-06-03 06:06:47,Corretiva,Correia,3.09,6445.66,Substituição de componente
MT00607,M002,2025-05-29 07:43:00,Corretiva,Sensor,10.75,4135.7,Lubrificação
MT00608,M017,2024-04-02 21:50:49,Preventiva,Motor,5.79,1294.77,Reparo elétrico
MT00609,M010,2024-06-08 00:46:16,Preventiva,Sistema elétrico,3.99,4154.05,Inspeção e ajuste
MT00610,M018,2025-01-03 22:26:58,Preventiva,Sistema elétrico,2.01,5907.05,Reparo elétrico
MT00611,M013,2025-10-10 08:11:28,Preventiva,Rolamento,4.81,4347.43,Lubrificação
MT00612,M001,2024-08-24 09:54:26,Preventiva,Ventilação,1.45,7564.65,Substituição de componente
MT00613,M017,2025-07-18 19:33:56,Corretiva,Rolamento,2.0,3433.5,Lubrificação
MT00614,M005,2025-03-11 10:05:44,Corretiva,Rolamento,9.81,2302.77,Lubrificação
MT00615,M012,2024-01-16 18:22:23,Preventiva,Ventilação,3.73,8469.12,Inspeção e ajuste
MT00616,M015,2025-03-15 05:15:27,Preventiva,Sensor,2.64,2569.23,Reparo elétrico
MT00617,M008,2024-09-09 01:52:16,Preventiva,Motor,6.17,2884.32,Substituição de componente
MT00618,M017,2025-01-24 16:40:18,Preventiva,Motor,5.15,971.21,Substituição de componente
MT00619,M020,2024-07-30 14:44:08,Corretiva,Ventilação,10.65,5579.35,Substituição de componente
MT00620,M018,2024-05-24 02:17:52,Corretiva,Correia,10.81,550.27,Lubrificação
MT00621,M007,2025-01-05 09:17:48,Preventiva,Sensor,10.95,4884.6,Reparo elétrico
MT00622,M006,2024-01-18 00:01:44,Preventiva,Bomba,6.15,4003.09,Substituição de componente
MT00623,M003,2025-12-22 13:49:31,Preventiva,Ventilação,10.16,3733.34,Inspeção e ajuste
MT00624,M019,2024-03-01 22:15:37,Preventiva,Sistema elétrico,9.62,3122.11,Calibração
MT00625,M005,2025-01-19 04:10:02,Corretiva,Correia,10.82,8164.48,Substituição de componente
MT00626,M018,2024-09-14 13:31:06,Corretiva,Correia,11.15,4676.87,Inspeção e ajuste
MT00627,M006,2025-12-16 18:26:40,Preventiva,Correia,4.1,5920.94,Inspeção e ajuste
MT00628,M011,2024-11-01 09:50:13,Preventiva,Sensor,10.43,2794.23,Inspeção e ajuste
MT00629,M010,2024-12-05 05:40:28,Corretiva,Sensor,3.43,5610.9,Substituição de componente
MT00630,M018,2024-09-27 07:38:05,Preventiva,Ventilação,8.17,7659.32,Lubrificação
MT00631,M008,2024-03-29 20:13:26,Preventiva,Sistema elétrico,11.74,2748.41,Substituição de componente
MT00632,M016,2025-01-12 18:37:55,Preventiva,Bomba,11.45,4326.54,Limpeza técnica
MT00633,M011,2024-06-02 12:41:39,Preventiva,Correia,9.19,2607.69,Inspeção e ajuste
MT00634,M015,2025-08-18 22:32:46,Preventiva,Rolamento,2.84,7732.86,Calibração
MT00635,M001,2025-02-21 08:04:00,Preventiva,Motor,1.55,8392.34,Inspeção e ajuste
MT00636,M011,2024-06-24 17:18:35,Corretiva,Bomba,1.72,5982.74,Calibração
MT00637,M013,2024-04-07 08:59:13,Preventiva,Bomba,6.17,7369.49,Lubrificação
MT00638,M014,2024-01-14 16:56:01,Corretiva,Rolamento,8.78,2248.95,Reparo elétrico
MT00639,M008,2024-04-01 15:24:06,Corretiva,Ventilação,6.69,8451.87,Inspeção e ajuste
MT00640,M004,2024-06-07 06:00:54,Corretiva,Bomba,8.15,256.84,Substituição de componente
MT00641,M019,2024-09-27 20:02:45,Preventiva,Sistema elétrico,3.38,2189.74,Lubrificação
MT00642,M011,2024-08-28 14:45:49,Corretiva,Rolamento,4.33,8488.64,Lubrificação
MT00643,M005,2024-10-28 12:56:53,Preventiva,Rolamento,11.83,7876.74,Limpeza técnica
MT00644,M020,2024-11-20 17:32:03,Preventiva,Sensor,6.6,6412.77,Substituição de componente
MT00645,M019,2024-09-04 02:13:36,Corretiva,Motor,9.45,1456.79,Limpeza técnica
MT00646,M020,2025-04-27 20:13:13,Preventiva,Rolamento,6.61,4804.3,Inspeção e ajuste
MT00647,M005,2024-08-11 20:19:08,Preventiva,Motor,5.91,2758.93,Substituição de componente
MT00648,M017,2024-09-29 21:58:11,Preventiva,Sensor,6.23,2580.55,Reparo elétrico
MT00649,M013,2024-06-10 22:46:27,Corretiva,Bomba,1.22,922.63,Substituição de componente
MT00650,M005,2025-04-14 06:59:59,Preventiva,Sistema elétrico,6.95,2208.19,Substituição de componente
MT00651,M008,2025-03-26 12:51:25,Corretiva,Rolamento,8.26,2140.38,Lubrificação
MT00652,M003,2024-02-01 19:28:30,Preventiva,Sensor,3.2,6906.9,Limpeza técnica
MT00653,M010,2025-08-11 16:25:22,Corretiva,Sensor,1.49,1327.01,Limpeza técnica
MT00654,M010,2025-07-21 22:21:29,Corretiva,Motor,10.5,3231.18,Lubrificação
MT00655,M004,2024-12-12 09:50:44,Preventiva,Motor,4.92,510.76,Reparo elétrico
MT00656,M020,2024-08-01 19:13:26,Preventiva,Rolamento,6.1,589.73,Substituição de componente
MT00657,M004,2025-05-30 04:06:43,Preventiva,Rolamento,10.87,6295.37,Inspeção e ajuste
MT00658,M003,2024-06-08 22:39:38,Preventiva,Rolamento,4.48,4313.93,Limpeza técnica
MT00659,M017,2025-11-23 11:19:44,Preventiva,Motor,11.68,7313.61,Calibração
MT00660,M011,2024-06-13 14:32:37,Corretiva,Sensor,1.28,1622.07,Calibração
MT00661,M009,2025-03-23 14:28:07,Preventiva,Sensor,9.19,6352.67,Inspeção e ajuste
MT00662,M019,2025-04-17 00:41:11,Corretiva,Sensor,5.23,327.99,Lubrificação
MT00663,M011,2024-03-15 03:20:03,Preventiva,Correia,3.24,6308.44,Reparo elétrico
MT00664,M013,2025-08-19 06:43:03,Preventiva,Motor,6.41,8193.53,Calibração
MT00665,M008,2025-10-20 04:05:24,Corretiva,Bomba,2.77,2599.06,Substituição de componente
MT00666,M020,2024-02-20 06:43:00,Preventiva,Correia,5.67,371.03,Reparo elétrico
MT00667,M002,2024-11-16 01:41:38,Corretiva,Correia,4.56,175.08,Substituição de componente
MT00668,M005,2025-08-02 11:41:04,Corretiva,Rolamento,6.34,4539.61,Substituição de componente
MT00669,M012,2025-01-21 21:33:44,Preventiva,Motor,5.3,6038.21,Substituição de componente
MT00670,M009,2024-01-30 21:04:02,Preventiva,Sensor,7.44,6017.71,Reparo elétrico
MT00671,M018,2024-03-30 08:24:12,Preventiva,Ventilação,3.35,8059.83,Lubrificação
MT00672,M006,2024-03-26 07:02:55,Preventiva,Sensor,4.7,5434.51,Limpeza técnica
MT00673,M006,2024-03-30 13:20:38,Corretiva,Rolamento,10.76,1819.46,Limpeza técnica
MT00674,M003,2024-07-11 21:47:00,Preventiva,Motor,1.71,3782.27,Calibração
MT00675,M011,2024-09-30 04:49:11,Corretiva,Rolamento,5.77,7509.71,Reparo elétrico
MT00676,M010,2024-06-21 02:55:52,Preventiva,Sistema elétrico,1.77,4426.16,Limpeza técnica
MT00677,M009,2025-05-12 21:23:19,Preventiva,Bomba,10.92,179.08,Inspeção e ajuste
MT00678,M013,2025-07-20 18:59:36,Corretiva,Sistema elétrico,10.7,4235.33,Reparo elétrico
MT00679,M013,2024-10-17 00:57:27,Preventiva,Correia,9.13,4766.74,Calibração
MT00680,M020,2025-09-24 03:40:49,Corretiva,Rolamento,2.75,1911.58,Limpeza técnica
MT00681,M016,2024-04-09 03:26:11,Preventiva,Ventilação,1.05,5457.57,Reparo elétrico
MT00682,M011,2024-11-05 00:57:02,Preventiva,Bomba,7.16,1029.76,Inspeção e ajuste
MT00683,M004,2024-04-21 07:51:08,Preventiva,Sistema elétrico,7.66,6584.57,Inspeção e ajuste
MT00684,M019,2025-05-16 13:19:18,Preventiva,Ventilação,2.16,7579.86,Substituição de componente
MT00685,M017,2025-05-18 11:58:26,Preventiva,Motor,4.01,8360.46,Lubrificação
MT00686,M003,2024-10-22 06:31:40,Preventiva,Motor,8.73,5489.86,Reparo elétrico
MT00687,M003,2024-02-26 08:12:32,Preventiva,Ventilação,7.35,8144.83,Limpeza técnica
MT00688,M016,2025-09-06 07:59:55,Corretiva,Correia,11.91,7464.53,Reparo elétrico
MT00689,M018,2024-10-02 16:00:23,Corretiva,Ventilação,5.1,3702.8,Substituição de componente
MT00690,M001,2025-04-07 10:35:46,Corretiva,Ventilação,7.7,8252.83,Limpeza técnica
MT00691,M012,2025-11-29 17:39:41,Corretiva,Ventilação,8.23,1906.38,Limpeza técnica
MT00692,M010,2025-05-10 04:38:05,Preventiva,Rolamento,1.45,1838.37,Inspeção e ajuste
MT00693,M005,2025-07-02 18:11:23,Preventiva,Correia,6.1,314.6,Reparo elétrico
MT00694,M001,2025-02-23 04:58:05,Preventiva,Sensor,3.43,5959.23,Calibração
MT00695,M019,2024-09-01 15:52:28,Preventiva,Ventilação,2.15,5384.32,Calibração
MT00696,M012,2025-01-06 06:16:44,Corretiva,Sensor,3.94,5182.79,Calibração
MT00697,M012,2025-06-03 21:32:17,Preventiva,Sensor,10.77,7847.55,Reparo elétrico
MT00698,M005,2024-06-18 14:08:28,Corretiva,Sensor,2.4,5810.8,Limpeza técnica
MT00699,M015,2024-11-11 12:13:20,Preventiva,Ventilação,11.48,7288.09,Reparo elétrico
MT00700,M012,2024-04-02 04:08:46,Preventiva,Bomba,4.33,5732.43,Lubrificação
MT00701,M019,2024-11-29 18:17:01,Preventiva,Bomba,8.27,4661.4,Calibração
MT00702,M006,2024-09-07 12:48:12,Preventiva,Rolamento,10.5,3687.8,Calibração
MT00703,M003,2025-10-15 07:36:13,Preventiva,Rolamento,9.13,6477.0,Substituição de componente
MT00704,M020,2024-08-20 21:26:01,Corretiva,Sensor,3.64,1124.59,Substituição de componente
MT00705,M014,2024-03-01 17:59:42,Corretiva,Sensor,5.99,1387.21,Lubrificação
MT00706,M020,2024-11-08 21:28:26,Preventiva,Correia,8.97,1213.96,Substituição de componente
MT00707,M013,2025-03-13 18:39:32,Preventiva,Sistema elétrico,3.3,1787.95,Substituição de componente
MT00708,M004,2025-11-20 07:45:12,Preventiva,Rolamento,6.19,1991.23,Reparo elétrico
MT00709,M016,2024-02-19 11:29:32,Preventiva,Correia,9.3,2637.76,Substituição de componente
MT00710,M020,2024-01-12 01:56:33,Preventiva,Correia,8.75,5957.11,Substituição de componente
MT00711,M015,2025-01-01 01:06:13,Corretiva,Ventilação,8.54,3024.57,Reparo elétrico
MT00712,M014,2025-01-24 17:09:09,Corretiva,Motor,11.18,6997.02,Substituição de componente
MT00713,M016,2025-01-29 16:18:51,Preventiva,Correia,1.78,258.95,Inspeção e ajuste
MT00714,M009,2025-12-10 04:46:53,Corretiva,Bomba,4.96,8493.04,Reparo elétrico
MT00715,M014,2024-02-26 19:56:37,Preventiva,Rolamento,10.03,6466.57,Lubrificação
MT00716,M008,2025-10-01 21:03:17,Corretiva,Correia,9.01,2260.9,Limpeza técnica
MT00717,M020,2024-05-24 22:55:35,Preventiva,Ventilação,5.9,7593.13,Lubrificação
MT00718,M015,2025-07-27 21:57:33,Preventiva,Rolamento,9.17,4034.4,Lubrificação
MT00719,M015,2025-08-14 18:02:51,Preventiva,Bomba,9.51,246.67,Lubrificação
MT00720,M005,2025-07-23 01:41:10,Preventiva,Sistema elétrico,6.51,5565.32,Limpeza técnica
MT00721,M015,2024-10-23 00:02:24,Preventiva,Bomba,5.01,1969.86,Limpeza técnica
MT00722,M011,2024-02-07 20:18:27,Preventiva,Rolamento,3.44,383.12,Inspeção e ajuste
MT00723,M001,2024-04-05 21:30:48,Preventiva,Rolamento,7.52,972.09,Calibração
MT00724,M015,2024-10-24 04:43:41,Preventiva,Sistema elétrico,6.25,7656.88,Substituição de componente
MT00725,M010,2025-07-11 15:02:48,Corretiva,Sistema elétrico,9.53,2319.61,Reparo elétrico
MT00726,M013,2025-04-24 20:21:48,Preventiva,Sensor,5.44,1080.41,Lubrificação
MT00727,M015,2025-05-24 21:13:10,Preventiva,Ventilação,8.12,6910.96,Lubrificação
MT00728,M004,2024-03-06 16:22:03,Preventiva,Ventilação,9.76,197.34,Reparo elétrico
MT00729,M014,2024-06-13 12:05:32,Preventiva,Ventilação,3.51,4992.14,Lubrificação
MT00730,M008,2024-02-01 06:47:14,Preventiva,Ventilação,5.58,6451.1,Limpeza técnica
MT00731,M013,2025-07-21 02:29:35,Corretiva,Bomba,11.32,3576.89,Substituição de componente
MT00732,M004,2025-08-31 14:32:30,Preventiva,Rolamento,10.18,4867.62,Calibração
MT00733,M003,2025-11-22 00:33:15,Corretiva,Correia,5.32,6354.46,Limpeza técnica
MT00734,M005,2024-06-27 20:24:49,Preventiva,Bomba,9.34,6073.13,Substituição de componente
MT00735,M020,2024-08-31 08:02:12,Corretiva,Ventilação,6.72,7728.58,Inspeção e ajuste
MT00736,M020,2025-08-17 05:37:43,Corretiva,Rolamento,9.21,7690.32,Substituição de componente
MT00737,M002,2025-06-14 07:01:56,Corretiva,Sistema elétrico,10.31,8308.53,Inspeção e ajuste
MT00738,M011,2024-02-07 11:58:40,Preventiva,Correia,10.1,5459.03,Substituição de componente
MT00739,M011,2024-02-10 19:14:44,Preventiva,Ventilação,10.82,2494.43,Substituição de componente
MT00740,M006,2025-04-15 16:38:42,Preventiva,Sistema elétrico,11.32,1729.66,Inspeção e ajuste
MT00741,M008,2024-01-10 15:15:49,Corretiva,Rolamento,9.85,6593.02,Reparo elétrico
MT00742,M001,2024-01-05 16:11:04,Preventiva,Correia,5.47,4983.16,Lubrificação
MT00743,M015,2025-07-17 09:56:17,Corretiva,Rolamento,9.16,4547.13,Calibração
MT00744,M006,2025-09-04 10:45:02,Corretiva,Rolamento,6.25,7595.57,Substituição de componente
MT00745,M017,2024-11-13 10:28:11,Corretiva,Sensor,10.27,7810.23,Substituição de componente
MT00746,M004,2024-07-05 02:17:45,Preventiva,Sistema elétrico,3.53,4338.45,Calibração
MT00747,M015,2025-06-23 03:40:57,Corretiva,Ventilação,11.75,6884.63,Limpeza técnica
MT00748,M001,2025-09-23 12:28:00,Preventiva,Rolamento,5.56,5867.25,Calibração
MT00749,M001,2024-08-06 01:56:12,Preventiva,Correia,5.24,3708.11,Lubrificação
MT00750,M007,2024-12-17 16:48:39,Corretiva,Ventilação,4.52,1441.9,Calibração
MT00751,M010,2024-03-25 11:34:33,Preventiva,Bomba,7.65,2822.24,Substituição de componente
MT00752,M004,2024-03-09 23:36:39,Corretiva,Correia,4.54,1770.4,Inspeção e ajuste
MT00753,M011,2025-02-25 18:08:40,Corretiva,Motor,8.96,1999.34,Limpeza técnica
MT00754,M004,2025-07-16 09:38:53,Preventiva,Sensor,1.88,6350.94,Inspeção e ajuste
MT00755,M017,2025-12-29 20:29:20,Preventiva,Ventilação,2.92,5941.54,Calibração
MT00756,M003,2025-10-08 13:23:30,Preventiva,Rolamento,3.38,6366.43,Limpeza técnica
MT00757,M002,2025-05-27 02:19:55,Corretiva,Bomba,1.36,2727.46,Limpeza técnica
MT00758,M007,2025-01-27 04:16:32,Preventiva,Sensor,3.89,3006.26,Calibração
MT00759,M015,2025-07-28 11:57:32,Preventiva,Rolamento,7.1,3425.73,Inspeção e ajuste
MT00760,M012,2024-07-20 09:28:07,Preventiva,Rolamento,1.34,5484.8,Reparo elétrico
MT00761,M019,2025-11-09 14:09:47,Preventiva,Ventilação,2.53,6612.28,Calibração
MT00762,M003,2024-12-02 02:14:30,Preventiva,Rolamento,8.88,6265.52,Limpeza técnica
MT00763,M016,2024-02-06 09:07:07,Preventiva,Bomba,5.9,2539.42,Limpeza técnica
MT00764,M015,2024-06-07 14:48:29,Preventiva,Bomba,5.0,4749.8,Inspeção e ajuste
MT00765,M010,2024-01-19 07:02:47,Corretiva,Motor,1.56,7994.52,Reparo elétrico
MT00766,M014,2024-12-17 09:43:03,Corretiva,Sensor,4.71,4884.24,Calibração
MT00767,M014,2024-07-11 10:41:21,Preventiva,Motor,4.45,3883.71,Calibração
MT00768,M014,2024-11-10 10:47:50,Preventiva,Bomba,1.4,5221.09,Inspeção e ajuste
MT00769,M009,2025-06-14 06:03:17,Corretiva,Motor,2.21,670.67,Reparo elétrico
MT00770,M005,2025-05-26 02:47:10,Preventiva,Sensor,7.68,2980.33,Limpeza técnica
MT00771,M011,2024-05-11 04:01:59,Preventiva,Rolamento,6.39,8210.72,Reparo elétrico
MT00772,M014,2024-08-02 18:31:50,Preventiva,Motor,0.77,4873.57,Limpeza técnica
MT00773,M019,2025-10-26 12:48:42,Preventiva,Bomba,7.08,5206.67,Lubrificação
MT00774,M001,2025-06-30 21:59:01,Preventiva,Bomba,6.64,2469.25,Reparo elétrico
MT00775,M003,2025-01-24 04:16:00,Preventiva,Motor,6.7,7830.84,Calibração
MT00776,M013,2025-05-27 10:44:07,Preventiva,Sensor,11.28,7469.55,Reparo elétrico
MT00777,M018,2024-10-11 04:08:02,Preventiva,Rolamento,7.91,4660.45,Limpeza técnica
MT00778,M013,2024-08-18 08:33:28,Preventiva,Bomba,2.88,7740.44,Limpeza técnica
MT00779,M017,2025-10-27 09:37:00,Preventiva,Motor,3.93,554.3,Inspeção e ajuste
MT00780,M016,2024-06-19 12:52:55,Preventiva,Motor,9.99,1847.65,Inspeção e ajuste
MT00781,M018,2025-10-04 05:18:59,Corretiva,Rolamento,9.33,2071.29,Reparo elétrico
MT00782,M001,2024-07-07 20:21:33,Preventiva,Sensor,0.95,7553.47,Limpeza técnica
MT00783,M017,2024-03-25 17:35:54,Corretiva,Rolamento,10.33,7426.48,Limpeza técnica
MT00784,M019,2025-01-13 20:55:27,Preventiva,Rolamento,10.99,962.79,Inspeção e ajuste
MT00785,M003,2024-09-19 02:15:13,Preventiva,Sistema elétrico,9.45,4504.84,Limpeza técnica
MT00786,M003,2025-11-24 03:40:43,Preventiva,Ventilação,10.79,3285.28,Calibração
MT00787,M001,2025-09-17 06:18:32,Preventiva,Correia,11.87,4245.99,Substituição de componente
MT00788,M008,2024-04-03 18:33:10,Preventiva,Sensor,5.26,8275.72,Inspeção e ajuste
MT00789,M003,2024-05-10 16:43:48,Corretiva,Sistema elétrico,4.93,2624.86,Lubrificação
MT00790,M019,2024-07-04 06:11:41,Preventiva,Ventilação,11.79,6141.79,Substituição de componente
MT00791,M019,2024-03-13 03:40:32,Corretiva,Sistema elétrico,10.52,7188.92,Lubrificação
MT00792,M014,2024-12-12 06:09:51,Corretiva,Sistema elétrico,8.95,8197.16,Substituição de componente
MT00793,M013,2024-01-17 23:45:06,Preventiva,Correia,4.97,2538.27,Limpeza técnica
MT00794,M018,2025-12-20 23:48:53,Corretiva,Bomba,3.72,4006.19,Limpeza técnica
MT00795,M008,2024-12-02 15:34:30,Preventiva,Bomba,6.66,2859.61,Limpeza técnica
MT00796,M011,2025-08-11 01:00:15,Preventiva,Motor,5.5,4223.85,Reparo elétrico
MT00797,M008,2024-05-29 22:28:59,Corretiva,Ventilação,1.41,5701.03,Reparo elétrico
MT00798,M017,2025-12-14 20:50:08,Preventiva,Sistema elétrico,10.26,819.81,Inspeção e ajuste
MT00799,M005,2025-02-14 08:47:19,Preventiva,Rolamento,6.62,4700.87,Inspeção e ajuste
MT00800,M003,2025-10-11 08:49:16,Preventiva,Motor,4.3,5474.71,Substituição de componente
MT00801,M012,2024-07-07 12:06:06,Corretiva,Sensor,7.57,1842.56,Inspeção e ajuste
MT00802,M015,2024-06-12 03:12:15,Preventiva,Bomba,2.54,5264.42,Substituição de componente
MT00803,M012,2024-02-20 00:40:05,Preventiva,Sensor,9.72,615.86,Calibração
MT00804,M005,2024-06-21 21:32:14,Preventiva,Motor,10.29,3914.26,Inspeção e ajuste
MT00805,M004,2024-10-09 08:42:50,Preventiva,Ventilação,1.71,4507.56,Calibração
MT00806,M001,2024-11-12 06:58:01,Corretiva,Ventilação,4.69,6338.71,Reparo elétrico
MT00807,M018,2024-05-05 10:12:56,Preventiva,Sistema elétrico,7.09,150.81,Reparo elétrico
MT00808,M020,2025-08-14 12:56:09,Corretiva,Motor,11.93,3620.95,Substituição de componente
MT00809,M012,2024-03-30 13:41:42,Corretiva,Sensor,2.9,4464.92,Limpeza técnica
MT00810,M017,2025-06-03 19:49:33,Preventiva,Correia,10.49,2113.78,Inspeção e ajuste
MT00811,M001,2024-04-19 08:06:44,Preventiva,Motor,4.42,7734.92,Limpeza técnica
MT00812,M007,2024-01-03 11:13:41,Preventiva,Sistema elétrico,10.01,6156.88,Lubrificação
MT00813,M003,2024-03-13 01:06:57,Corretiva,Bomba,8.38,3651.82,Lubrificação
MT00814,M001,2024-11-11 03:07:54,Corretiva,Sistema elétrico,2.31,277.66,Lubrificação
MT00815,M012,2025-03-08 00:59:07,Corretiva,Correia,10.25,8060.02,Inspeção e ajuste
MT00816,M016,2024-12-24 07:56:59,Corretiva,Correia,10.57,967.48,Calibração
MT00817,M003,2025-03-08 20:56:34,Corretiva,Bomba,3.76,5923.85,Reparo elétrico
MT00818,M007,2024-10-22 10:26:30,Corretiva,Bomba,0.85,7141.26,Substituição de componente
MT00819,M006,2024-08-30 15:17:22,Preventiva,Motor,5.13,3409.43,Inspeção e ajuste
MT00820,M006,2024-04-12 03:27:10,Preventiva,Sistema elétrico,3.65,3929.09,Inspeção e ajuste
MT00821,M016,2025-10-21 22:23:47,Preventiva,Sistema elétrico,1.17,7584.34,Limpeza técnica
MT00822,M008,2024-01-01 17:17:30,Corretiva,Sistema elétrico,6.5,5810.91,Calibração
MT00823,M015,2025-01-01 16:13:43,Preventiva,Correia,8.81,3121.09,Lubrificação
MT00824,M007,2025-04-25 11:46:38,Corretiva,Ventilação,1.67,8102.48,Calibração
MT00825,M004,2024-03-05 22:18:23,Corretiva,Rolamento,8.55,7754.46,Limpeza técnica
MT00826,M017,2024-10-28 10:42:01,Preventiva,Sistema elétrico,0.57,6261.79,Limpeza técnica
MT00827,M018,2024-02-21 14:00:19,Preventiva,Sensor,4.2,3839.28,Calibração
MT00828,M013,2025-11-12 21:47:51,Corretiva,Sistema elétrico,1.41,7293.54,Reparo elétrico
MT00829,M007,2025-07-09 12:44:30,Corretiva,Ventilação,8.81,5467.64,Substituição de componente
MT00830,M014,2025-09-26 19:40:54,Corretiva,Ventilação,1.31,3256.06,Substituição de componente
MT00831,M001,2025-01-31 13:21:06,Corretiva,Motor,7.44,545.54,Limpeza técnica
MT00832,M016,2024-09-27 22:54:16,Preventiva,Rolamento,11.96,4285.34,Calibração
MT00833,M016,2025-12-13 07:56:45,Corretiva,Sistema elétrico,3.39,2101.81,Limpeza técnica
MT00834,M013,2024-05-09 19:28:01,Preventiva,Rolamento,7.21,6396.27,Limpeza técnica
MT00835,M002,2024-04-04 12:37:02,Preventiva,Correia,3.16,2671.35,Calibração
MT00836,M008,2025-01-26 16:05:36,Preventiva,Sensor,9.6,1360.75,Calibração
MT00837,M009,2024-04-01 19:44:50,Preventiva,Rolamento,9.63,5355.41,Calibração
MT00838,M004,2024-02-11 13:54:44,Preventiva,Sensor,9.68,2787.47,Calibração
MT00839,M019,2025-01-25 05:27:56,Corretiva,Sensor,5.15,2058.92,Substituição de componente
MT00840,M009,2025-05-29 00:14:53,Preventiva,Sensor,1.2,7029.53,Inspeção e ajuste
MT00841,M013,2024-09-07 09:14:46,Preventiva,Sistema elétrico,1.89,386.86,Reparo elétrico
MT00842,M004,2024-10-29 14:32:30,Corretiva,Correia,8.22,1460.11,Limpeza técnica
MT00843,M001,2024-09-26 12:32:02,Preventiva,Sistema elétrico,9.94,6528.72,Reparo elétrico
MT00844,M014,2024-08-20 05:06:52,Preventiva,Correia,1.73,2590.89,Lubrificação
MT00845,M019,2024-11-03 18:37:39,Preventiva,Correia,5.1,8244.57,Limpeza técnica
MT00846,M005,2024-03-22 14:47:49,Preventiva,Ventilação,9.4,1860.55,Inspeção e ajuste
MT00847,M001,2025-06-02 12:09:45,Preventiva,Rolamento,3.95,1329.94,Limpeza técnica
MT00848,M018,2024-09-30 17:06:35,Preventiva,Sistema elétrico,10.11,8192.81,Lubrificação
MT00849,M001,2024-12-26 20:28:38,Preventiva,Motor,7.32,2122.29,Calibração
MT00850,M016,2024-02-21 09:08:23,Preventiva,Sensor,9.39,8307.33,Inspeção e ajuste
MT00851,M007,2024-03-08 13:13:39,Preventiva,Bomba,0.87,806.31,Reparo elétrico
MT00852,M020,2025-05-12 22:14:15,Preventiva,Motor,5.4,3577.62,Inspeção e ajuste
MT00853,M017,2025-09-19 22:03:39,Corretiva,Correia,6.84,1591.62,Inspeção e ajuste
MT00854,M020,2025-12-29 13:21:11,Corretiva,Sistema elétrico,10.48,1466.05,Substituição de componente
MT00855,M019,2024-04-26 05:24:59,Preventiva,Sistema elétrico,2.85,267.02,Inspeção e ajuste
MT00856,M007,2025-04-30 07:34:10,Preventiva,Sensor,3.32,1711.61,Inspeção e ajuste
MT00857,M007,2024-11-18 10:19:05,Preventiva,Motor,5.58,1537.03,Calibração
MT00858,M015,2024-03-18 03:39:00,Corretiva,Ventilação,3.51,6867.43,Lubrificação
MT00859,M008,2025-01-14 00:17:53,Preventiva,Sistema elétrico,4.32,3102.97,Inspeção e ajuste
MT00860,M008,2025-05-21 09:07:12,Preventiva,Rolamento,9.69,2433.48,Calibração
MT00861,M002,2025-01-12 01:01:30,Preventiva,Ventilação,8.04,5388.7,Inspeção e ajuste
MT00862,M005,2024-04-14 15:39:31,Preventiva,Ventilação,9.15,5389.96,Reparo elétrico
MT00863,M014,2025-03-25 03:24:16,Corretiva,Motor,11.25,8070.57,Limpeza técnica
MT00864,M010,2024-12-28 17:19:25,Preventiva,Bomba,1.33,510.7,Reparo elétrico
MT00865,M007,2025-05-19 07:45:21,Corretiva,Motor,9.85,7768.59,Substituição de componente
MT00866,M019,2025-08-14 08:48:02,Preventiva,Motor,4.26,367.46,Substituição de componente
MT00867,M011,2024-03-26 02:39:23,Corretiva,Ventilação,6.99,6231.32,Lubrificação
MT00868,M002,2024-02-12 04:20:52,Preventiva,Sensor,1.07,220.1,Reparo elétrico
MT00869,M007,2025-11-14 21:18:14,Preventiva,Rolamento,0.59,881.06,Reparo elétrico
MT00870,M019,2025-07-05 22:40:51,Corretiva,Sistema elétrico,8.94,3129.04,Reparo elétrico
MT00871,M008,2025-01-06 20:49:08,Corretiva,Bomba,3.8,801.52,Reparo elétrico
MT00872,M015,2025-12-17 02:53:09,Corretiva,Ventilação,1.52,6252.56,Lubrificação
MT00873,M014,2025-09-28 05:42:27,Preventiva,Bomba,2.56,1606.22,Calibração
MT00874,M020,2025-10-30 21:35:03,Corretiva,Motor,0.71,2609.58,Reparo elétrico
MT00875,M016,2025-08-17 10:46:19,Preventiva,Motor,11.88,6085.26,Limpeza técnica
MT00876,M009,2025-05-11 21:41:46,Preventiva,Sistema elétrico,6.18,7601.02,Inspeção e ajuste
MT00877,M005,2025-08-15 15:13:54,Preventiva,Bomba,8.96,4373.94,Reparo elétrico
MT00878,M018,2025-09-11 09:46:26,Preventiva,Ventilação,4.22,6986.98,Inspeção e ajuste
MT00879,M004,2025-01-23 11:00:11,Preventiva,Motor,7.85,4243.22,Inspeção e ajuste
MT00880,M009,2025-01-16 12:57:12,Preventiva,Sensor,7.7,2655.53,Reparo elétrico
MT00881,M015,2025-02-11 09:56:15,Preventiva,Motor,0.73,1771.8,Reparo elétrico
MT00882,M004,2024-04-08 19:40:08,Preventiva,Motor,8.85,3114.32,Substituição de componente
MT00883,M008,2024-02-23 15:06:00,Preventiva,Sistema elétrico,3.43,616.12,Lubrificação
MT00884,M001,2025-07-07 07:45:10,Corretiva,Ventilação,8.73,1310.58,Substituição de componente
MT00885,M016,2024-07-03 15:56:03,Corretiva,Rolamento,9.47,2217.01,Substituição de componente
MT00886,M013,2024-09-13 05:37:00,Preventiva,Ventilação,7.19,3938.29,Calibração
MT00887,M004,2025-03-10 08:55:11,Preventiva,Motor,6.48,3665.74,Inspeção e ajuste
MT00888,M012,2024-11-02 11:01:27,Preventiva,Correia,6.33,5043.33,Lubrificação
MT00889,M010,2025-02-08 09:53:00,Preventiva,Bomba,5.88,5571.15,Calibração
MT00890,M009,2025-01-11 16:07:26,Preventiva,Motor,6.23,1494.04,Lubrificação
MT00891,M008,2024-10-07 14:46:56,Corretiva,Sistema elétrico,9.58,3844.92,Lubrificação
MT00892,M007,2024-02-13 23:45:28,Corretiva,Sensor,5.62,2818.03,Lubrificação
MT00893,M009,2024-02-09 22:24:12,Preventiva,Rolamento,6.19,1236.77,Calibração
MT00894,M016,2025-12-19 14:12:35,Preventiva,Correia,9.09,3253.59,Substituição de componente
MT00895,M010,2025-07-25 01:57:18,Corretiva,Correia,6.18,5986.26,Inspeção e ajuste
MT00896,M016,2024-03-30 13:33:16,Preventiva,Bomba,6.76,4879.83,Calibração
MT00897,M015,2025-11-09 17:55:00,Preventiva,Rolamento,10.15,288.11,Inspeção e ajuste
MT00898,M009,2025-07-03 13:25:27,Preventiva,Rolamento,5.87,2535.52,Limpeza técnica
MT00899,M002,2025-09-02 23:27:37,Preventiva,Rolamento,11.63,2222.88,Inspeção e ajuste
MT00900,M011,2025-07-27 13:13:22,Preventiva,Ventilação,2.43,3938.06,Calibração
